[
    {
        "pk": 14, 
        "model": "contenttypes.contenttype", 
        "fields": {
            "model": "uidstatus", 
            "name": "UID status", 
            "app_label": "main"
        }
    }, 
    {
        "pk": 19, 
        "model": "contenttypes.contenttype", 
        "fields": {
            "model": "choice", 
            "name": "choice", 
            "app_label": "main"
        }
    }, 
    {
        "pk": 5, 
        "model": "contenttypes.contenttype", 
        "fields": {
            "model": "contenttype", 
            "name": "content type", 
            "app_label": "contenttypes"
        }
    }, 
    {
        "pk": 10, 
        "model": "contenttypes.contenttype", 
        "fields": {
            "model": "errortype", 
            "name": "error type", 
            "app_label": "main"
        }
    }, 
    {
        "pk": 2, 
        "model": "contenttypes.contenttype", 
        "fields": {
            "model": "group", 
            "name": "group", 
            "app_label": "auth"
        }
    }, 
    {
        "pk": 8, 
        "model": "contenttypes.contenttype", 
        "fields": {
            "model": "logentry", 
            "name": "log entry", 
            "app_label": "admin"
        }
    }, 
    {
        "pk": 4, 
        "model": "contenttypes.contenttype", 
        "fields": {
            "model": "message", 
            "name": "message", 
            "app_label": "auth"
        }
    }, 
    {
        "pk": 9, 
        "model": "contenttypes.contenttype", 
        "fields": {
            "model": "migrationhistory", 
            "name": "migration history", 
            "app_label": "south"
        }
    }, 
    {
        "pk": 16, 
        "model": "contenttypes.contenttype", 
        "fields": {
            "model": "objectpermission", 
            "name": "object permission", 
            "app_label": "accounts"
        }
    }, 
    {
        "pk": 1, 
        "model": "contenttypes.contenttype", 
        "fields": {
            "model": "permission", 
            "name": "permission", 
            "app_label": "auth"
        }
    }, 
    {
        "pk": 17, 
        "model": "contenttypes.contenttype", 
        "fields": {
            "model": "question", 
            "name": "question", 
            "app_label": "main"
        }
    }, 
    {
        "pk": 13, 
        "model": "contenttypes.contenttype", 
        "fields": {
            "model": "questionnaire", 
            "name": "questionnaire", 
            "app_label": "main"
        }
    }, 
    {
        "pk": 12, 
        "model": "contenttypes.contenttype", 
        "fields": {
            "model": "role", 
            "name": "role", 
            "app_label": "main"
        }
    }, 
    {
        "pk": 6, 
        "model": "contenttypes.contenttype", 
        "fields": {
            "model": "session", 
            "name": "session", 
            "app_label": "sessions"
        }
    }, 
    {
        "pk": 7, 
        "model": "contenttypes.contenttype", 
        "fields": {
            "model": "site", 
            "name": "site", 
            "app_label": "sites"
        }
    }, 
    {
        "pk": 15, 
        "model": "contenttypes.contenttype", 
        "fields": {
            "model": "uiderror", 
            "name": "uid error", 
            "app_label": "main"
        }
    }, 
    {
        "pk": 18, 
        "model": "contenttypes.contenttype", 
        "fields": {
            "model": "uidquestion", 
            "name": "uid question", 
            "app_label": "main"
        }
    }, 
    {
        "pk": 3, 
        "model": "contenttypes.contenttype", 
        "fields": {
            "model": "user", 
            "name": "user", 
            "app_label": "auth"
        }
    }, 
    {
        "pk": "6591581cc6f6cb626653d8dd1752319b", 
        "model": "sessions.session", 
        "fields": {
            "expire_date": "2011-06-18 14:38:49", 
            "session_data": "YTM4YmQ0Yzg5MGJkM2RhMWNjODM1MzIwNDEzNDc0YmJlOGFlYTc1MzqAAn1xAShVEl9hdXRoX3Vz\nZXJfYmFja2VuZHECVSlkamFuZ28uY29udHJpYi5hdXRoLmJhY2tlbmRzLk1vZGVsQmFja2VuZHED\nVQ1fYXV0aF91c2VyX2lkcQRLDnUu\n"
        }
    }, 
    {
        "pk": 2, 
        "model": "sites.site", 
        "fields": {
            "domain": "example.com", 
            "name": "Deploy"
        }
    }, 
    {
        "pk": 1, 
        "model": "sites.site", 
        "fields": {
            "domain": "localhost:8000", 
            "name": "Dev"
        }
    }, 
    {
        "pk": 189, 
        "model": "admin.logentry", 
        "fields": {
            "action_flag": 3, 
            "action_time": "2011-06-06 18:44:24", 
            "object_repr": "106106", 
            "object_id": "39", 
            "change_message": "", 
            "user": 14, 
            "content_type": 14
        }
    }, 
    {
        "pk": 188, 
        "model": "admin.logentry", 
        "fields": {
            "action_flag": 3, 
            "action_time": "2011-06-06 18:44:24", 
            "object_repr": "104606", 
            "object_id": "40", 
            "change_message": "", 
            "user": 14, 
            "content_type": 14
        }
    }, 
    {
        "pk": 187, 
        "model": "admin.logentry", 
        "fields": {
            "action_flag": 3, 
            "action_time": "2011-06-06 18:44:23", 
            "object_repr": "100906", 
            "object_id": "41", 
            "change_message": "", 
            "user": 14, 
            "content_type": 14
        }
    }, 
    {
        "pk": 186, 
        "model": "admin.logentry", 
        "fields": {
            "action_flag": 3, 
            "action_time": "2011-06-06 18:44:23", 
            "object_repr": "104608", 
            "object_id": "42", 
            "change_message": "", 
            "user": 14, 
            "content_type": 14
        }
    }, 
    {
        "pk": 185, 
        "model": "admin.logentry", 
        "fields": {
            "action_flag": 3, 
            "action_time": "2011-06-06 18:44:23", 
            "object_repr": "100209", 
            "object_id": "43", 
            "change_message": "", 
            "user": 14, 
            "content_type": 14
        }
    }, 
    {
        "pk": 184, 
        "model": "admin.logentry", 
        "fields": {
            "action_flag": 3, 
            "action_time": "2011-06-06 18:44:23", 
            "object_repr": "106301", 
            "object_id": "44", 
            "change_message": "", 
            "user": 14, 
            "content_type": 14
        }
    }, 
    {
        "pk": 183, 
        "model": "admin.logentry", 
        "fields": {
            "action_flag": 3, 
            "action_time": "2011-06-06 18:44:23", 
            "object_repr": "107806", 
            "object_id": "45", 
            "change_message": "", 
            "user": 14, 
            "content_type": 14
        }
    }, 
    {
        "pk": 182, 
        "model": "admin.logentry", 
        "fields": {
            "action_flag": 3, 
            "action_time": "2011-06-06 18:44:23", 
            "object_repr": "103306", 
            "object_id": "46", 
            "change_message": "", 
            "user": 14, 
            "content_type": 14
        }
    }, 
    {
        "pk": 181, 
        "model": "admin.logentry", 
        "fields": {
            "action_flag": 3, 
            "action_time": "2011-06-06 18:44:23", 
            "object_repr": "103208", 
            "object_id": "47", 
            "change_message": "", 
            "user": 14, 
            "content_type": 14
        }
    }, 
    {
        "pk": 180, 
        "model": "admin.logentry", 
        "fields": {
            "action_flag": 3, 
            "action_time": "2011-06-06 18:44:23", 
            "object_repr": "107006", 
            "object_id": "48", 
            "change_message": "", 
            "user": 14, 
            "content_type": 14
        }
    }, 
    {
        "pk": 179, 
        "model": "admin.logentry", 
        "fields": {
            "action_flag": 3, 
            "action_time": "2011-06-06 18:44:23", 
            "object_repr": "107303", 
            "object_id": "49", 
            "change_message": "", 
            "user": 14, 
            "content_type": 14
        }
    }, 
    {
        "pk": 178, 
        "model": "admin.logentry", 
        "fields": {
            "action_flag": 3, 
            "action_time": "2011-06-06 18:44:23", 
            "object_repr": "107002", 
            "object_id": "50", 
            "change_message": "", 
            "user": 14, 
            "content_type": 14
        }
    }, 
    {
        "pk": 177, 
        "model": "admin.logentry", 
        "fields": {
            "action_flag": 3, 
            "action_time": "2011-06-06 18:44:22", 
            "object_repr": "104702", 
            "object_id": "51", 
            "change_message": "", 
            "user": 14, 
            "content_type": 14
        }
    }, 
    {
        "pk": 176, 
        "model": "admin.logentry", 
        "fields": {
            "action_flag": 3, 
            "action_time": "2011-06-06 18:44:22", 
            "object_repr": "101405", 
            "object_id": "52", 
            "change_message": "", 
            "user": 14, 
            "content_type": 14
        }
    }, 
    {
        "pk": 175, 
        "model": "admin.logentry", 
        "fields": {
            "action_flag": 3, 
            "action_time": "2011-06-06 18:44:22", 
            "object_repr": "103502", 
            "object_id": "53", 
            "change_message": "", 
            "user": 14, 
            "content_type": 14
        }
    }, 
    {
        "pk": 174, 
        "model": "admin.logentry", 
        "fields": {
            "action_flag": 3, 
            "action_time": "2011-06-06 18:44:22", 
            "object_repr": "107105", 
            "object_id": "54", 
            "change_message": "", 
            "user": 14, 
            "content_type": 14
        }
    }, 
    {
        "pk": 173, 
        "model": "admin.logentry", 
        "fields": {
            "action_flag": 3, 
            "action_time": "2011-06-06 18:44:22", 
            "object_repr": "101505", 
            "object_id": "55", 
            "change_message": "", 
            "user": 14, 
            "content_type": 14
        }
    }, 
    {
        "pk": 172, 
        "model": "admin.logentry", 
        "fields": {
            "action_flag": 3, 
            "action_time": "2011-06-06 18:44:22", 
            "object_repr": "103506", 
            "object_id": "56", 
            "change_message": "", 
            "user": 14, 
            "content_type": 14
        }
    }, 
    {
        "pk": 171, 
        "model": "admin.logentry", 
        "fields": {
            "action_flag": 3, 
            "action_time": "2011-06-06 18:44:22", 
            "object_repr": "102602", 
            "object_id": "57", 
            "change_message": "", 
            "user": 14, 
            "content_type": 14
        }
    }, 
    {
        "pk": 170, 
        "model": "admin.logentry", 
        "fields": {
            "action_flag": 3, 
            "action_time": "2011-06-06 18:44:22", 
            "object_repr": "103602", 
            "object_id": "58", 
            "change_message": "", 
            "user": 14, 
            "content_type": 14
        }
    }, 
    {
        "pk": 169, 
        "model": "admin.logentry", 
        "fields": {
            "action_flag": 3, 
            "action_time": "2011-06-06 18:44:22", 
            "object_repr": "107801", 
            "object_id": "59", 
            "change_message": "", 
            "user": 14, 
            "content_type": 14
        }
    }, 
    {
        "pk": 168, 
        "model": "admin.logentry", 
        "fields": {
            "action_flag": 3, 
            "action_time": "2011-06-06 18:44:22", 
            "object_repr": "107604", 
            "object_id": "60", 
            "change_message": "", 
            "user": 14, 
            "content_type": 14
        }
    }, 
    {
        "pk": 167, 
        "model": "admin.logentry", 
        "fields": {
            "action_flag": 3, 
            "action_time": "2011-06-06 18:44:21", 
            "object_repr": "103604", 
            "object_id": "61", 
            "change_message": "", 
            "user": 14, 
            "content_type": 14
        }
    }, 
    {
        "pk": 166, 
        "model": "admin.logentry", 
        "fields": {
            "action_flag": 3, 
            "action_time": "2011-06-06 18:44:21", 
            "object_repr": "104306", 
            "object_id": "62", 
            "change_message": "", 
            "user": 14, 
            "content_type": 14
        }
    }, 
    {
        "pk": 165, 
        "model": "admin.logentry", 
        "fields": {
            "action_flag": 3, 
            "action_time": "2011-06-06 18:44:21", 
            "object_repr": "102907", 
            "object_id": "63", 
            "change_message": "", 
            "user": 14, 
            "content_type": 14
        }
    }, 
    {
        "pk": 164, 
        "model": "admin.logentry", 
        "fields": {
            "action_flag": 3, 
            "action_time": "2011-06-06 18:44:21", 
            "object_repr": "100507", 
            "object_id": "64", 
            "change_message": "", 
            "user": 14, 
            "content_type": 14
        }
    }, 
    {
        "pk": 163, 
        "model": "admin.logentry", 
        "fields": {
            "action_flag": 3, 
            "action_time": "2011-06-06 18:44:21", 
            "object_repr": "106604", 
            "object_id": "65", 
            "change_message": "", 
            "user": 14, 
            "content_type": 14
        }
    }, 
    {
        "pk": 162, 
        "model": "admin.logentry", 
        "fields": {
            "action_flag": 3, 
            "action_time": "2011-06-06 18:44:21", 
            "object_repr": "101903", 
            "object_id": "66", 
            "change_message": "", 
            "user": 14, 
            "content_type": 14
        }
    }, 
    {
        "pk": 161, 
        "model": "admin.logentry", 
        "fields": {
            "action_flag": 3, 
            "action_time": "2011-06-06 18:44:21", 
            "object_repr": "104906", 
            "object_id": "67", 
            "change_message": "", 
            "user": 14, 
            "content_type": 14
        }
    }, 
    {
        "pk": 160, 
        "model": "admin.logentry", 
        "fields": {
            "action_flag": 3, 
            "action_time": "2011-06-06 18:44:21", 
            "object_repr": "104108", 
            "object_id": "68", 
            "change_message": "", 
            "user": 14, 
            "content_type": 14
        }
    }, 
    {
        "pk": 159, 
        "model": "admin.logentry", 
        "fields": {
            "action_flag": 3, 
            "action_time": "2011-06-06 18:44:21", 
            "object_repr": "102806", 
            "object_id": "69", 
            "change_message": "", 
            "user": 14, 
            "content_type": 14
        }
    }, 
    {
        "pk": 158, 
        "model": "admin.logentry", 
        "fields": {
            "action_flag": 3, 
            "action_time": "2011-06-06 18:44:20", 
            "object_repr": "104705", 
            "object_id": "70", 
            "change_message": "", 
            "user": 14, 
            "content_type": 14
        }
    }, 
    {
        "pk": 157, 
        "model": "admin.logentry", 
        "fields": {
            "action_flag": 3, 
            "action_time": "2011-06-06 18:44:20", 
            "object_repr": "102102", 
            "object_id": "71", 
            "change_message": "", 
            "user": 14, 
            "content_type": 14
        }
    }, 
    {
        "pk": 156, 
        "model": "admin.logentry", 
        "fields": {
            "action_flag": 3, 
            "action_time": "2011-06-06 18:44:20", 
            "object_repr": "100405", 
            "object_id": "72", 
            "change_message": "", 
            "user": 14, 
            "content_type": 14
        }
    }, 
    {
        "pk": 155, 
        "model": "admin.logentry", 
        "fields": {
            "action_flag": 3, 
            "action_time": "2011-06-06 18:44:20", 
            "object_repr": "102002", 
            "object_id": "73", 
            "change_message": "", 
            "user": 14, 
            "content_type": 14
        }
    }, 
    {
        "pk": 154, 
        "model": "admin.logentry", 
        "fields": {
            "action_flag": 3, 
            "action_time": "2011-06-06 18:44:19", 
            "object_repr": "103401", 
            "object_id": "74", 
            "change_message": "", 
            "user": 14, 
            "content_type": 14
        }
    }, 
    {
        "pk": 153, 
        "model": "admin.logentry", 
        "fields": {
            "action_flag": 3, 
            "action_time": "2011-06-06 18:44:19", 
            "object_repr": "100306", 
            "object_id": "75", 
            "change_message": "", 
            "user": 14, 
            "content_type": 14
        }
    }, 
    {
        "pk": 152, 
        "model": "admin.logentry", 
        "fields": {
            "action_flag": 3, 
            "action_time": "2011-06-06 18:44:19", 
            "object_repr": "102702", 
            "object_id": "76", 
            "change_message": "", 
            "user": 14, 
            "content_type": 14
        }
    }, 
    {
        "pk": 151, 
        "model": "admin.logentry", 
        "fields": {
            "action_flag": 3, 
            "action_time": "2011-06-06 18:44:19", 
            "object_repr": "100104", 
            "object_id": "77", 
            "change_message": "", 
            "user": 14, 
            "content_type": 14
        }
    }, 
    {
        "pk": 150, 
        "model": "admin.logentry", 
        "fields": {
            "action_flag": 3, 
            "action_time": "2011-06-06 18:44:19", 
            "object_repr": "100302", 
            "object_id": "78", 
            "change_message": "", 
            "user": 14, 
            "content_type": 14
        }
    }, 
    {
        "pk": 149, 
        "model": "admin.logentry", 
        "fields": {
            "action_flag": 3, 
            "action_time": "2011-06-06 18:44:19", 
            "object_repr": "103907", 
            "object_id": "79", 
            "change_message": "", 
            "user": 14, 
            "content_type": 14
        }
    }, 
    {
        "pk": 148, 
        "model": "admin.logentry", 
        "fields": {
            "action_flag": 3, 
            "action_time": "2011-06-06 18:44:19", 
            "object_repr": "102603", 
            "object_id": "80", 
            "change_message": "", 
            "user": 14, 
            "content_type": 14
        }
    }, 
    {
        "pk": 147, 
        "model": "admin.logentry", 
        "fields": {
            "action_flag": 3, 
            "action_time": "2011-06-06 18:44:19", 
            "object_repr": "103308", 
            "object_id": "81", 
            "change_message": "", 
            "user": 14, 
            "content_type": 14
        }
    }, 
    {
        "pk": 146, 
        "model": "admin.logentry", 
        "fields": {
            "action_flag": 3, 
            "action_time": "2011-06-06 18:44:18", 
            "object_repr": "103601", 
            "object_id": "82", 
            "change_message": "", 
            "user": 14, 
            "content_type": 14
        }
    }, 
    {
        "pk": 145, 
        "model": "admin.logentry", 
        "fields": {
            "action_flag": 3, 
            "action_time": "2011-06-06 18:44:18", 
            "object_repr": "101306", 
            "object_id": "83", 
            "change_message": "", 
            "user": 14, 
            "content_type": 14
        }
    }, 
    {
        "pk": 144, 
        "model": "admin.logentry", 
        "fields": {
            "action_flag": 3, 
            "action_time": "2011-06-06 18:44:18", 
            "object_repr": "100103", 
            "object_id": "84", 
            "change_message": "", 
            "user": 14, 
            "content_type": 14
        }
    }, 
    {
        "pk": 143, 
        "model": "admin.logentry", 
        "fields": {
            "action_flag": 3, 
            "action_time": "2011-06-06 18:44:18", 
            "object_repr": "102505", 
            "object_id": "85", 
            "change_message": "", 
            "user": 14, 
            "content_type": 14
        }
    }, 
    {
        "pk": 142, 
        "model": "admin.logentry", 
        "fields": {
            "action_flag": 3, 
            "action_time": "2011-06-06 18:44:18", 
            "object_repr": "102303", 
            "object_id": "86", 
            "change_message": "", 
            "user": 14, 
            "content_type": 14
        }
    }, 
    {
        "pk": 141, 
        "model": "admin.logentry", 
        "fields": {
            "action_flag": 3, 
            "action_time": "2011-06-06 18:44:18", 
            "object_repr": "103101", 
            "object_id": "87", 
            "change_message": "", 
            "user": 14, 
            "content_type": 14
        }
    }, 
    {
        "pk": 140, 
        "model": "admin.logentry", 
        "fields": {
            "action_flag": 3, 
            "action_time": "2011-06-06 18:44:18", 
            "object_repr": "100208", 
            "object_id": "88", 
            "change_message": "", 
            "user": 14, 
            "content_type": 14
        }
    }, 
    {
        "pk": 139, 
        "model": "admin.logentry", 
        "fields": {
            "action_flag": 3, 
            "action_time": "2011-06-06 18:44:18", 
            "object_repr": "101205", 
            "object_id": "89", 
            "change_message": "", 
            "user": 14, 
            "content_type": 14
        }
    }, 
    {
        "pk": 138, 
        "model": "admin.logentry", 
        "fields": {
            "action_flag": 3, 
            "action_time": "2011-06-06 18:44:18", 
            "object_repr": "107804", 
            "object_id": "90", 
            "change_message": "", 
            "user": 14, 
            "content_type": 14
        }
    }, 
    {
        "pk": 137, 
        "model": "admin.logentry", 
        "fields": {
            "action_flag": 3, 
            "action_time": "2011-06-06 18:44:18", 
            "object_repr": "103107", 
            "object_id": "91", 
            "change_message": "", 
            "user": 14, 
            "content_type": 14
        }
    }, 
    {
        "pk": 136, 
        "model": "admin.logentry", 
        "fields": {
            "action_flag": 3, 
            "action_time": "2011-06-06 18:44:17", 
            "object_repr": "107606", 
            "object_id": "92", 
            "change_message": "", 
            "user": 14, 
            "content_type": 14
        }
    }, 
    {
        "pk": 135, 
        "model": "admin.logentry", 
        "fields": {
            "action_flag": 3, 
            "action_time": "2011-06-06 18:44:17", 
            "object_repr": "106802", 
            "object_id": "93", 
            "change_message": "", 
            "user": 14, 
            "content_type": 14
        }
    }, 
    {
        "pk": 134, 
        "model": "admin.logentry", 
        "fields": {
            "action_flag": 3, 
            "action_time": "2011-06-06 18:44:17", 
            "object_repr": "101508", 
            "object_id": "94", 
            "change_message": "", 
            "user": 14, 
            "content_type": 14
        }
    }, 
    {
        "pk": 133, 
        "model": "admin.logentry", 
        "fields": {
            "action_flag": 3, 
            "action_time": "2011-06-06 18:44:17", 
            "object_repr": "103005", 
            "object_id": "95", 
            "change_message": "", 
            "user": 14, 
            "content_type": 14
        }
    }, 
    {
        "pk": 132, 
        "model": "admin.logentry", 
        "fields": {
            "action_flag": 3, 
            "action_time": "2011-06-06 18:44:17", 
            "object_repr": "106803", 
            "object_id": "96", 
            "change_message": "", 
            "user": 14, 
            "content_type": 14
        }
    }, 
    {
        "pk": 131, 
        "model": "admin.logentry", 
        "fields": {
            "action_flag": 3, 
            "action_time": "2011-06-06 18:44:17", 
            "object_repr": "105004", 
            "object_id": "97", 
            "change_message": "", 
            "user": 14, 
            "content_type": 14
        }
    }, 
    {
        "pk": 130, 
        "model": "admin.logentry", 
        "fields": {
            "action_flag": 3, 
            "action_time": "2011-06-06 18:44:17", 
            "object_repr": "102106", 
            "object_id": "98", 
            "change_message": "", 
            "user": 14, 
            "content_type": 14
        }
    }, 
    {
        "pk": 129, 
        "model": "admin.logentry", 
        "fields": {
            "action_flag": 3, 
            "action_time": "2011-06-06 18:44:17", 
            "object_repr": "102801", 
            "object_id": "99", 
            "change_message": "", 
            "user": 14, 
            "content_type": 14
        }
    }, 
    {
        "pk": 128, 
        "model": "admin.logentry", 
        "fields": {
            "action_flag": 3, 
            "action_time": "2011-06-06 18:44:17", 
            "object_repr": "105406", 
            "object_id": "100", 
            "change_message": "", 
            "user": 14, 
            "content_type": 14
        }
    }, 
    {
        "pk": 127, 
        "model": "admin.logentry", 
        "fields": {
            "action_flag": 3, 
            "action_time": "2011-06-06 18:44:17", 
            "object_repr": "100801", 
            "object_id": "101", 
            "change_message": "", 
            "user": 14, 
            "content_type": 14
        }
    }, 
    {
        "pk": 126, 
        "model": "admin.logentry", 
        "fields": {
            "action_flag": 3, 
            "action_time": "2011-06-06 18:44:16", 
            "object_repr": "103108", 
            "object_id": "102", 
            "change_message": "", 
            "user": 14, 
            "content_type": 14
        }
    }, 
    {
        "pk": 125, 
        "model": "admin.logentry", 
        "fields": {
            "action_flag": 3, 
            "action_time": "2011-06-06 18:44:16", 
            "object_repr": "103105", 
            "object_id": "103", 
            "change_message": "", 
            "user": 14, 
            "content_type": 14
        }
    }, 
    {
        "pk": 124, 
        "model": "admin.logentry", 
        "fields": {
            "action_flag": 3, 
            "action_time": "2011-06-06 18:44:16", 
            "object_repr": "102504", 
            "object_id": "104", 
            "change_message": "", 
            "user": 14, 
            "content_type": 14
        }
    }, 
    {
        "pk": 123, 
        "model": "admin.logentry", 
        "fields": {
            "action_flag": 3, 
            "action_time": "2011-06-06 18:44:16", 
            "object_repr": "102701", 
            "object_id": "105", 
            "change_message": "", 
            "user": 14, 
            "content_type": 14
        }
    }, 
    {
        "pk": 122, 
        "model": "admin.logentry", 
        "fields": {
            "action_flag": 3, 
            "action_time": "2011-06-06 18:44:16", 
            "object_repr": "103201", 
            "object_id": "106", 
            "change_message": "", 
            "user": 14, 
            "content_type": 14
        }
    }, 
    {
        "pk": 121, 
        "model": "admin.logentry", 
        "fields": {
            "action_flag": 3, 
            "action_time": "2011-06-06 18:44:16", 
            "object_repr": "103406", 
            "object_id": "107", 
            "change_message": "", 
            "user": 14, 
            "content_type": 14
        }
    }, 
    {
        "pk": 120, 
        "model": "admin.logentry", 
        "fields": {
            "action_flag": 3, 
            "action_time": "2011-06-06 18:44:16", 
            "object_repr": "101006", 
            "object_id": "108", 
            "change_message": "", 
            "user": 14, 
            "content_type": 14
        }
    }, 
    {
        "pk": 119, 
        "model": "admin.logentry", 
        "fields": {
            "action_flag": 3, 
            "action_time": "2011-06-06 18:44:16", 
            "object_repr": "104402", 
            "object_id": "109", 
            "change_message": "", 
            "user": 14, 
            "content_type": 14
        }
    }, 
    {
        "pk": 118, 
        "model": "admin.logentry", 
        "fields": {
            "action_flag": 3, 
            "action_time": "2011-06-06 18:44:16", 
            "object_repr": "100703", 
            "object_id": "110", 
            "change_message": "", 
            "user": 14, 
            "content_type": 14
        }
    }, 
    {
        "pk": 117, 
        "model": "admin.logentry", 
        "fields": {
            "action_flag": 3, 
            "action_time": "2011-06-06 18:44:15", 
            "object_repr": "107008", 
            "object_id": "111", 
            "change_message": "", 
            "user": 14, 
            "content_type": 14
        }
    }, 
    {
        "pk": 116, 
        "model": "admin.logentry", 
        "fields": {
            "action_flag": 3, 
            "action_time": "2011-06-06 18:44:15", 
            "object_repr": "102406", 
            "object_id": "112", 
            "change_message": "", 
            "user": 14, 
            "content_type": 14
        }
    }, 
    {
        "pk": 115, 
        "model": "admin.logentry", 
        "fields": {
            "action_flag": 3, 
            "action_time": "2011-06-06 18:44:15", 
            "object_repr": "100608", 
            "object_id": "113", 
            "change_message": "", 
            "user": 14, 
            "content_type": 14
        }
    }, 
    {
        "pk": 114, 
        "model": "admin.logentry", 
        "fields": {
            "action_flag": 3, 
            "action_time": "2011-06-06 18:44:15", 
            "object_repr": "101802", 
            "object_id": "114", 
            "change_message": "", 
            "user": 14, 
            "content_type": 14
        }
    }, 
    {
        "pk": 113, 
        "model": "admin.logentry", 
        "fields": {
            "action_flag": 3, 
            "action_time": "2011-06-06 18:44:15", 
            "object_repr": "103307", 
            "object_id": "115", 
            "change_message": "", 
            "user": 14, 
            "content_type": 14
        }
    }, 
    {
        "pk": 112, 
        "model": "admin.logentry", 
        "fields": {
            "action_flag": 3, 
            "action_time": "2011-06-06 18:44:15", 
            "object_repr": "103903", 
            "object_id": "116", 
            "change_message": "", 
            "user": 14, 
            "content_type": 14
        }
    }, 
    {
        "pk": 111, 
        "model": "admin.logentry", 
        "fields": {
            "action_flag": 3, 
            "action_time": "2011-06-06 18:44:15", 
            "object_repr": "101104", 
            "object_id": "117", 
            "change_message": "", 
            "user": 14, 
            "content_type": 14
        }
    }, 
    {
        "pk": 110, 
        "model": "admin.logentry", 
        "fields": {
            "action_flag": 3, 
            "action_time": "2011-06-06 18:44:15", 
            "object_repr": "101607", 
            "object_id": "118", 
            "change_message": "", 
            "user": 14, 
            "content_type": 14
        }
    }, 
    {
        "pk": 109, 
        "model": "admin.logentry", 
        "fields": {
            "action_flag": 3, 
            "action_time": "2011-06-06 18:44:15", 
            "object_repr": "107302", 
            "object_id": "119", 
            "change_message": "", 
            "user": 14, 
            "content_type": 14
        }
    }, 
    {
        "pk": 108, 
        "model": "admin.logentry", 
        "fields": {
            "action_flag": 3, 
            "action_time": "2011-06-06 18:44:14", 
            "object_repr": "101606", 
            "object_id": "120", 
            "change_message": "", 
            "user": 14, 
            "content_type": 14
        }
    }, 
    {
        "pk": 107, 
        "model": "admin.logentry", 
        "fields": {
            "action_flag": 3, 
            "action_time": "2011-06-06 18:44:14", 
            "object_repr": "101703", 
            "object_id": "121", 
            "change_message": "", 
            "user": 14, 
            "content_type": 14
        }
    }, 
    {
        "pk": 106, 
        "model": "admin.logentry", 
        "fields": {
            "action_flag": 3, 
            "action_time": "2011-06-06 18:44:14", 
            "object_repr": "106605", 
            "object_id": "122", 
            "change_message": "", 
            "user": 14, 
            "content_type": 14
        }
    }, 
    {
        "pk": 105, 
        "model": "admin.logentry", 
        "fields": {
            "action_flag": 3, 
            "action_time": "2011-06-06 18:44:14", 
            "object_repr": "102605", 
            "object_id": "123", 
            "change_message": "", 
            "user": 14, 
            "content_type": 14
        }
    }, 
    {
        "pk": 104, 
        "model": "admin.logentry", 
        "fields": {
            "action_flag": 3, 
            "action_time": "2011-06-06 18:44:14", 
            "object_repr": "104401", 
            "object_id": "124", 
            "change_message": "", 
            "user": 14, 
            "content_type": 14
        }
    }, 
    {
        "pk": 103, 
        "model": "admin.logentry", 
        "fields": {
            "action_flag": 3, 
            "action_time": "2011-06-06 18:44:14", 
            "object_repr": "102705", 
            "object_id": "125", 
            "change_message": "", 
            "user": 14, 
            "content_type": 14
        }
    }, 
    {
        "pk": 102, 
        "model": "admin.logentry", 
        "fields": {
            "action_flag": 3, 
            "action_time": "2011-06-06 18:44:14", 
            "object_repr": "100702", 
            "object_id": "126", 
            "change_message": "", 
            "user": 14, 
            "content_type": 14
        }
    }, 
    {
        "pk": 101, 
        "model": "admin.logentry", 
        "fields": {
            "action_flag": 3, 
            "action_time": "2011-06-06 18:44:14", 
            "object_repr": "107101", 
            "object_id": "127", 
            "change_message": "", 
            "user": 14, 
            "content_type": 14
        }
    }, 
    {
        "pk": 100, 
        "model": "admin.logentry", 
        "fields": {
            "action_flag": 3, 
            "action_time": "2011-06-06 18:44:14", 
            "object_repr": "104903", 
            "object_id": "128", 
            "change_message": "", 
            "user": 14, 
            "content_type": 14
        }
    }, 
    {
        "pk": 99, 
        "model": "admin.logentry", 
        "fields": {
            "action_flag": 3, 
            "action_time": "2011-06-06 18:44:13", 
            "object_repr": "100304", 
            "object_id": "129", 
            "change_message": "", 
            "user": 14, 
            "content_type": 14
        }
    }, 
    {
        "pk": 98, 
        "model": "admin.logentry", 
        "fields": {
            "action_flag": 3, 
            "action_time": "2011-06-06 18:44:13", 
            "object_repr": "101108", 
            "object_id": "130", 
            "change_message": "", 
            "user": 14, 
            "content_type": 14
        }
    }, 
    {
        "pk": 97, 
        "model": "admin.logentry", 
        "fields": {
            "action_flag": 3, 
            "action_time": "2011-06-06 18:44:13", 
            "object_repr": "105006", 
            "object_id": "131", 
            "change_message": "", 
            "user": 14, 
            "content_type": 14
        }
    }, 
    {
        "pk": 96, 
        "model": "admin.logentry", 
        "fields": {
            "action_flag": 3, 
            "action_time": "2011-06-06 18:44:13", 
            "object_repr": "103001", 
            "object_id": "132", 
            "change_message": "", 
            "user": 14, 
            "content_type": 14
        }
    }, 
    {
        "pk": 95, 
        "model": "admin.logentry", 
        "fields": {
            "action_flag": 3, 
            "action_time": "2011-06-06 18:44:13", 
            "object_repr": "107007", 
            "object_id": "133", 
            "change_message": "", 
            "user": 14, 
            "content_type": 14
        }
    }, 
    {
        "pk": 94, 
        "model": "admin.logentry", 
        "fields": {
            "action_flag": 3, 
            "action_time": "2011-06-06 18:44:13", 
            "object_repr": "106103", 
            "object_id": "134", 
            "change_message": "", 
            "user": 14, 
            "content_type": 14
        }
    }, 
    {
        "pk": 93, 
        "model": "admin.logentry", 
        "fields": {
            "action_flag": 3, 
            "action_time": "2011-06-06 18:44:13", 
            "object_repr": "101202", 
            "object_id": "135", 
            "change_message": "", 
            "user": 14, 
            "content_type": 14
        }
    }, 
    {
        "pk": 92, 
        "model": "admin.logentry", 
        "fields": {
            "action_flag": 3, 
            "action_time": "2011-06-06 18:44:13", 
            "object_repr": "100406", 
            "object_id": "136", 
            "change_message": "", 
            "user": 14, 
            "content_type": 14
        }
    }, 
    {
        "pk": 91, 
        "model": "admin.logentry", 
        "fields": {
            "action_flag": 3, 
            "action_time": "2011-06-06 18:44:13", 
            "object_repr": "106404", 
            "object_id": "137", 
            "change_message": "", 
            "user": 14, 
            "content_type": 14
        }
    }, 
    {
        "pk": 90, 
        "model": "admin.logentry", 
        "fields": {
            "action_flag": 3, 
            "action_time": "2011-06-06 18:44:13", 
            "object_repr": "103303", 
            "object_id": "138", 
            "change_message": "", 
            "user": 14, 
            "content_type": 14
        }
    }, 
    {
        "pk": 89, 
        "model": "admin.logentry", 
        "fields": {
            "action_flag": 3, 
            "action_time": "2011-06-06 17:23:45", 
            "object_repr": "22341324", 
            "object_id": "1", 
            "change_message": "", 
            "user": 14, 
            "content_type": 14
        }
    }, 
    {
        "pk": 88, 
        "model": "admin.logentry", 
        "fields": {
            "action_flag": 3, 
            "action_time": "2011-06-06 17:23:45", 
            "object_repr": "22341325", 
            "object_id": "2", 
            "change_message": "", 
            "user": 14, 
            "content_type": 14
        }
    }, 
    {
        "pk": 87, 
        "model": "admin.logentry", 
        "fields": {
            "action_flag": 3, 
            "action_time": "2011-06-06 17:23:45", 
            "object_repr": "22341326", 
            "object_id": "3", 
            "change_message": "", 
            "user": 14, 
            "content_type": 14
        }
    }, 
    {
        "pk": 86, 
        "model": "admin.logentry", 
        "fields": {
            "action_flag": 3, 
            "action_time": "2011-06-06 17:23:45", 
            "object_repr": "22341327", 
            "object_id": "4", 
            "change_message": "", 
            "user": 14, 
            "content_type": 14
        }
    }, 
    {
        "pk": 85, 
        "model": "admin.logentry", 
        "fields": {
            "action_flag": 3, 
            "action_time": "2011-06-06 17:23:44", 
            "object_repr": "100508", 
            "object_id": "5", 
            "change_message": "", 
            "user": 14, 
            "content_type": 14
        }
    }, 
    {
        "pk": 84, 
        "model": "admin.logentry", 
        "fields": {
            "action_flag": 3, 
            "action_time": "2011-06-06 17:23:44", 
            "object_repr": "101303", 
            "object_id": "6", 
            "change_message": "", 
            "user": 14, 
            "content_type": 14
        }
    }, 
    {
        "pk": 83, 
        "model": "admin.logentry", 
        "fields": {
            "action_flag": 3, 
            "action_time": "2011-06-06 17:23:44", 
            "object_repr": "104802", 
            "object_id": "7", 
            "change_message": "", 
            "user": 14, 
            "content_type": 14
        }
    }, 
    {
        "pk": 82, 
        "model": "admin.logentry", 
        "fields": {
            "action_flag": 3, 
            "action_time": "2011-06-06 17:23:44", 
            "object_repr": "102404", 
            "object_id": "8", 
            "change_message": "", 
            "user": 14, 
            "content_type": 14
        }
    }, 
    {
        "pk": 81, 
        "model": "admin.logentry", 
        "fields": {
            "action_flag": 3, 
            "action_time": "2011-06-06 17:23:44", 
            "object_repr": "103204", 
            "object_id": "9", 
            "change_message": "", 
            "user": 14, 
            "content_type": 14
        }
    }, 
    {
        "pk": 80, 
        "model": "admin.logentry", 
        "fields": {
            "action_flag": 3, 
            "action_time": "2011-06-06 17:23:44", 
            "object_repr": "107506", 
            "object_id": "10", 
            "change_message": "", 
            "user": 14, 
            "content_type": 14
        }
    }, 
    {
        "pk": 79, 
        "model": "admin.logentry", 
        "fields": {
            "action_flag": 3, 
            "action_time": "2011-06-06 17:23:44", 
            "object_repr": "106601", 
            "object_id": "11", 
            "change_message": "", 
            "user": 14, 
            "content_type": 14
        }
    }, 
    {
        "pk": 78, 
        "model": "admin.logentry", 
        "fields": {
            "action_flag": 3, 
            "action_time": "2011-06-06 17:23:44", 
            "object_repr": "100908", 
            "object_id": "12", 
            "change_message": "", 
            "user": 14, 
            "content_type": 14
        }
    }, 
    {
        "pk": 77, 
        "model": "admin.logentry", 
        "fields": {
            "action_flag": 3, 
            "action_time": "2011-06-06 17:23:44", 
            "object_repr": "103607", 
            "object_id": "13", 
            "change_message": "", 
            "user": 14, 
            "content_type": 14
        }
    }, 
    {
        "pk": 76, 
        "model": "admin.logentry", 
        "fields": {
            "action_flag": 3, 
            "action_time": "2011-06-06 17:23:44", 
            "object_repr": "103403", 
            "object_id": "14", 
            "change_message": "", 
            "user": 14, 
            "content_type": 14
        }
    }, 
    {
        "pk": 75, 
        "model": "admin.logentry", 
        "fields": {
            "action_flag": 3, 
            "action_time": "2011-06-06 17:23:43", 
            "object_repr": "105703", 
            "object_id": "15", 
            "change_message": "", 
            "user": 14, 
            "content_type": 14
        }
    }, 
    {
        "pk": 74, 
        "model": "admin.logentry", 
        "fields": {
            "action_flag": 3, 
            "action_time": "2011-06-06 17:23:43", 
            "object_repr": "104202", 
            "object_id": "16", 
            "change_message": "", 
            "user": 14, 
            "content_type": 14
        }
    }, 
    {
        "pk": 73, 
        "model": "admin.logentry", 
        "fields": {
            "action_flag": 3, 
            "action_time": "2011-06-06 17:23:43", 
            "object_repr": "100901", 
            "object_id": "17", 
            "change_message": "", 
            "user": 14, 
            "content_type": 14
        }
    }, 
    {
        "pk": 72, 
        "model": "admin.logentry", 
        "fields": {
            "action_flag": 3, 
            "action_time": "2011-06-06 17:23:43", 
            "object_repr": "103503", 
            "object_id": "18", 
            "change_message": "", 
            "user": 14, 
            "content_type": 14
        }
    }, 
    {
        "pk": 71, 
        "model": "admin.logentry", 
        "fields": {
            "action_flag": 3, 
            "action_time": "2011-06-06 17:23:43", 
            "object_repr": "101305", 
            "object_id": "19", 
            "change_message": "", 
            "user": 14, 
            "content_type": 14
        }
    }, 
    {
        "pk": 70, 
        "model": "admin.logentry", 
        "fields": {
            "action_flag": 3, 
            "action_time": "2011-06-06 17:23:43", 
            "object_repr": "104808", 
            "object_id": "20", 
            "change_message": "", 
            "user": 14, 
            "content_type": 14
        }
    }, 
    {
        "pk": 69, 
        "model": "admin.logentry", 
        "fields": {
            "action_flag": 3, 
            "action_time": "2011-06-06 17:23:43", 
            "object_repr": "100205", 
            "object_id": "21", 
            "change_message": "", 
            "user": 14, 
            "content_type": 14
        }
    }, 
    {
        "pk": 68, 
        "model": "admin.logentry", 
        "fields": {
            "action_flag": 3, 
            "action_time": "2011-06-06 17:23:43", 
            "object_repr": "101807", 
            "object_id": "22", 
            "change_message": "", 
            "user": 14, 
            "content_type": 14
        }
    }, 
    {
        "pk": 67, 
        "model": "admin.logentry", 
        "fields": {
            "action_flag": 3, 
            "action_time": "2011-06-06 17:23:43", 
            "object_repr": "104805", 
            "object_id": "23", 
            "change_message": "", 
            "user": 14, 
            "content_type": 14
        }
    }, 
    {
        "pk": 66, 
        "model": "admin.logentry", 
        "fields": {
            "action_flag": 3, 
            "action_time": "2011-06-06 17:23:42", 
            "object_repr": "107204", 
            "object_id": "24", 
            "change_message": "", 
            "user": 14, 
            "content_type": 14
        }
    }, 
    {
        "pk": 65, 
        "model": "admin.logentry", 
        "fields": {
            "action_flag": 3, 
            "action_time": "2011-06-06 17:23:42", 
            "object_repr": "105102", 
            "object_id": "25", 
            "change_message": "", 
            "user": 14, 
            "content_type": 14
        }
    }, 
    {
        "pk": 64, 
        "model": "admin.logentry", 
        "fields": {
            "action_flag": 3, 
            "action_time": "2011-06-06 17:23:42", 
            "object_repr": "101402", 
            "object_id": "26", 
            "change_message": "", 
            "user": 14, 
            "content_type": 14
        }
    }, 
    {
        "pk": 63, 
        "model": "admin.logentry", 
        "fields": {
            "action_flag": 3, 
            "action_time": "2011-06-06 17:23:42", 
            "object_repr": "100403", 
            "object_id": "27", 
            "change_message": "", 
            "user": 14, 
            "content_type": 14
        }
    }, 
    {
        "pk": 62, 
        "model": "admin.logentry", 
        "fields": {
            "action_flag": 3, 
            "action_time": "2011-06-06 17:23:42", 
            "object_repr": "102608", 
            "object_id": "28", 
            "change_message": "", 
            "user": 14, 
            "content_type": 14
        }
    }, 
    {
        "pk": 61, 
        "model": "admin.logentry", 
        "fields": {
            "action_flag": 3, 
            "action_time": "2011-06-06 17:23:42", 
            "object_repr": "105205", 
            "object_id": "29", 
            "change_message": "", 
            "user": 14, 
            "content_type": 14
        }
    }, 
    {
        "pk": 60, 
        "model": "admin.logentry", 
        "fields": {
            "action_flag": 3, 
            "action_time": "2011-06-06 17:23:42", 
            "object_repr": "106203", 
            "object_id": "30", 
            "change_message": "", 
            "user": 14, 
            "content_type": 14
        }
    }, 
    {
        "pk": 59, 
        "model": "admin.logentry", 
        "fields": {
            "action_flag": 3, 
            "action_time": "2011-06-06 17:23:42", 
            "object_repr": "106204", 
            "object_id": "31", 
            "change_message": "", 
            "user": 14, 
            "content_type": 14
        }
    }, 
    {
        "pk": 58, 
        "model": "admin.logentry", 
        "fields": {
            "action_flag": 3, 
            "action_time": "2011-06-06 17:23:41", 
            "object_repr": "106407", 
            "object_id": "32", 
            "change_message": "", 
            "user": 14, 
            "content_type": 14
        }
    }, 
    {
        "pk": 57, 
        "model": "admin.logentry", 
        "fields": {
            "action_flag": 3, 
            "action_time": "2011-06-06 17:23:41", 
            "object_repr": "102307", 
            "object_id": "33", 
            "change_message": "", 
            "user": 14, 
            "content_type": 14
        }
    }, 
    {
        "pk": 56, 
        "model": "admin.logentry", 
        "fields": {
            "action_flag": 3, 
            "action_time": "2011-06-06 17:23:41", 
            "object_repr": "104301", 
            "object_id": "34", 
            "change_message": "", 
            "user": 14, 
            "content_type": 14
        }
    }, 
    {
        "pk": 55, 
        "model": "admin.logentry", 
        "fields": {
            "action_flag": 3, 
            "action_time": "2011-06-06 17:23:41", 
            "object_repr": "101602", 
            "object_id": "35", 
            "change_message": "", 
            "user": 14, 
            "content_type": 14
        }
    }, 
    {
        "pk": 54, 
        "model": "admin.logentry", 
        "fields": {
            "action_flag": 3, 
            "action_time": "2011-06-06 17:23:41", 
            "object_repr": "102606", 
            "object_id": "36", 
            "change_message": "", 
            "user": 14, 
            "content_type": 14
        }
    }, 
    {
        "pk": 53, 
        "model": "admin.logentry", 
        "fields": {
            "action_flag": 3, 
            "action_time": "2011-06-06 17:23:41", 
            "object_repr": "103508", 
            "object_id": "37", 
            "change_message": "", 
            "user": 14, 
            "content_type": 14
        }
    }, 
    {
        "pk": 52, 
        "model": "admin.logentry", 
        "fields": {
            "action_flag": 3, 
            "action_time": "2011-06-06 17:23:41", 
            "object_repr": "107001", 
            "object_id": "38", 
            "change_message": "", 
            "user": 14, 
            "content_type": 14
        }
    }, 
    {
        "pk": 51, 
        "model": "admin.logentry", 
        "fields": {
            "action_flag": 3, 
            "action_time": "2011-06-06 17:23:41", 
            "object_repr": "102407", 
            "object_id": "39", 
            "change_message": "", 
            "user": 14, 
            "content_type": 14
        }
    }, 
    {
        "pk": 50, 
        "model": "admin.logentry", 
        "fields": {
            "action_flag": 3, 
            "action_time": "2011-06-06 17:23:40", 
            "object_repr": "100704", 
            "object_id": "40", 
            "change_message": "", 
            "user": 14, 
            "content_type": 14
        }
    }, 
    {
        "pk": 49, 
        "model": "admin.logentry", 
        "fields": {
            "action_flag": 3, 
            "action_time": "2011-06-06 17:23:40", 
            "object_repr": "103701", 
            "object_id": "41", 
            "change_message": "", 
            "user": 14, 
            "content_type": 14
        }
    }, 
    {
        "pk": 48, 
        "model": "admin.logentry", 
        "fields": {
            "action_flag": 3, 
            "action_time": "2011-06-06 17:23:40", 
            "object_repr": "104607", 
            "object_id": "42", 
            "change_message": "", 
            "user": 14, 
            "content_type": 14
        }
    }, 
    {
        "pk": 47, 
        "model": "admin.logentry", 
        "fields": {
            "action_flag": 3, 
            "action_time": "2011-06-06 17:23:40", 
            "object_repr": "106106", 
            "object_id": "43", 
            "change_message": "", 
            "user": 14, 
            "content_type": 14
        }
    }, 
    {
        "pk": 46, 
        "model": "admin.logentry", 
        "fields": {
            "action_flag": 3, 
            "action_time": "2011-06-06 17:23:40", 
            "object_repr": "104606", 
            "object_id": "44", 
            "change_message": "", 
            "user": 14, 
            "content_type": 14
        }
    }, 
    {
        "pk": 45, 
        "model": "admin.logentry", 
        "fields": {
            "action_flag": 3, 
            "action_time": "2011-06-06 17:23:40", 
            "object_repr": "100906", 
            "object_id": "45", 
            "change_message": "", 
            "user": 14, 
            "content_type": 14
        }
    }, 
    {
        "pk": 44, 
        "model": "admin.logentry", 
        "fields": {
            "action_flag": 3, 
            "action_time": "2011-06-06 17:23:40", 
            "object_repr": "104608", 
            "object_id": "46", 
            "change_message": "", 
            "user": 14, 
            "content_type": 14
        }
    }, 
    {
        "pk": 43, 
        "model": "admin.logentry", 
        "fields": {
            "action_flag": 3, 
            "action_time": "2011-06-06 17:23:40", 
            "object_repr": "100209", 
            "object_id": "47", 
            "change_message": "", 
            "user": 14, 
            "content_type": 14
        }
    }, 
    {
        "pk": 42, 
        "model": "admin.logentry", 
        "fields": {
            "action_flag": 3, 
            "action_time": "2011-06-06 17:23:40", 
            "object_repr": "106301", 
            "object_id": "48", 
            "change_message": "", 
            "user": 14, 
            "content_type": 14
        }
    }, 
    {
        "pk": 41, 
        "model": "admin.logentry", 
        "fields": {
            "action_flag": 3, 
            "action_time": "2011-06-06 17:23:40", 
            "object_repr": "107806", 
            "object_id": "49", 
            "change_message": "", 
            "user": 14, 
            "content_type": 14
        }
    }, 
    {
        "pk": 40, 
        "model": "admin.logentry", 
        "fields": {
            "action_flag": 3, 
            "action_time": "2011-06-06 17:23:39", 
            "object_repr": "103306", 
            "object_id": "50", 
            "change_message": "", 
            "user": 14, 
            "content_type": 14
        }
    }, 
    {
        "pk": 39, 
        "model": "admin.logentry", 
        "fields": {
            "action_flag": 3, 
            "action_time": "2011-06-06 17:23:39", 
            "object_repr": "103208", 
            "object_id": "51", 
            "change_message": "", 
            "user": 14, 
            "content_type": 14
        }
    }, 
    {
        "pk": 38, 
        "model": "admin.logentry", 
        "fields": {
            "action_flag": 3, 
            "action_time": "2011-06-06 17:23:39", 
            "object_repr": "107006", 
            "object_id": "52", 
            "change_message": "", 
            "user": 14, 
            "content_type": 14
        }
    }, 
    {
        "pk": 37, 
        "model": "admin.logentry", 
        "fields": {
            "action_flag": 3, 
            "action_time": "2011-06-06 17:23:39", 
            "object_repr": "107303", 
            "object_id": "53", 
            "change_message": "", 
            "user": 14, 
            "content_type": 14
        }
    }, 
    {
        "pk": 36, 
        "model": "admin.logentry", 
        "fields": {
            "action_flag": 3, 
            "action_time": "2011-06-06 17:23:39", 
            "object_repr": "107002", 
            "object_id": "54", 
            "change_message": "", 
            "user": 14, 
            "content_type": 14
        }
    }, 
    {
        "pk": 35, 
        "model": "admin.logentry", 
        "fields": {
            "action_flag": 3, 
            "action_time": "2011-06-06 17:23:39", 
            "object_repr": "104702", 
            "object_id": "55", 
            "change_message": "", 
            "user": 14, 
            "content_type": 14
        }
    }, 
    {
        "pk": 34, 
        "model": "admin.logentry", 
        "fields": {
            "action_flag": 2, 
            "action_time": "2011-06-06 17:22:30", 
            "object_repr": "A", 
            "object_id": "23", 
            "change_message": "No fields changed.", 
            "user": 14, 
            "content_type": 12
        }
    }, 
    {
        "pk": 33, 
        "model": "admin.logentry", 
        "fields": {
            "action_flag": 2, 
            "action_time": "2011-06-06 17:22:14", 
            "object_repr": "H", 
            "object_id": "26", 
            "change_message": "No fields changed.", 
            "user": 14, 
            "content_type": 12
        }
    }, 
    {
        "pk": 32, 
        "model": "admin.logentry", 
        "fields": {
            "action_flag": 2, 
            "action_time": "2011-06-06 17:00:11", 
            "object_repr": "H", 
            "object_id": "26", 
            "change_message": "Changed head.", 
            "user": 14, 
            "content_type": 12
        }
    }, 
    {
        "pk": 31, 
        "model": "admin.logentry", 
        "fields": {
            "action_flag": 2, 
            "action_time": "2011-06-06 16:59:07", 
            "object_repr": "104702", 
            "object_id": "55", 
            "change_message": "Changed role.", 
            "user": 14, 
            "content_type": 14
        }
    }, 
    {
        "pk": 30, 
        "model": "admin.logentry", 
        "fields": {
            "action_flag": 3, 
            "action_time": "2011-06-06 16:45:10", 
            "object_repr": "100508", 
            "object_id": "5", 
            "change_message": "", 
            "user": 14, 
            "content_type": 14
        }
    }, 
    {
        "pk": 29, 
        "model": "admin.logentry", 
        "fields": {
            "action_flag": 3, 
            "action_time": "2011-06-06 16:44:08", 
            "object_repr": "100508.0", 
            "object_id": "5", 
            "change_message": "", 
            "user": 14, 
            "content_type": 14
        }
    }, 
    {
        "pk": 28, 
        "model": "admin.logentry", 
        "fields": {
            "action_flag": 1, 
            "action_time": "2011-06-06 16:27:21", 
            "object_repr": "Manav Sadhna", 
            "object_id": "2", 
            "change_message": "", 
            "user": 14, 
            "content_type": 13
        }
    }, 
    {
        "pk": 27, 
        "model": "admin.logentry", 
        "fields": {
            "action_flag": 3, 
            "action_time": "2011-06-06 16:25:53", 
            "object_repr": "Manav Sadhna", 
            "object_id": "2", 
            "change_message": "", 
            "user": 14, 
            "content_type": 13
        }
    }, 
    {
        "pk": 26, 
        "model": "admin.logentry", 
        "fields": {
            "action_flag": 1, 
            "action_time": "2011-06-06 16:24:40", 
            "object_repr": "Supervisor Manav Sadhna Project", 
            "object_id": "35", 
            "change_message": "", 
            "user": 14, 
            "content_type": 12
        }
    }, 
    {
        "pk": 25, 
        "model": "admin.logentry", 
        "fields": {
            "action_flag": 1, 
            "action_time": "2011-06-06 16:24:03", 
            "object_repr": "Pi Admin For Manav Sadhna Project", 
            "object_id": "34", 
            "change_message": "", 
            "user": 14, 
            "content_type": 12
        }
    }, 
    {
        "pk": 24, 
        "model": "admin.logentry", 
        "fields": {
            "action_flag": 1, 
            "action_time": "2011-06-06 16:23:06", 
            "object_repr": "Manav Sadhna", 
            "object_id": "2", 
            "change_message": "", 
            "user": 14, 
            "content_type": 13
        }
    }, 
    {
        "pk": 23, 
        "model": "admin.logentry", 
        "fields": {
            "action_flag": 1, 
            "action_time": "2011-06-06 13:02:40", 
            "object_repr": "22341327", 
            "object_id": "4", 
            "change_message": "", 
            "user": 14, 
            "content_type": 14
        }
    }, 
    {
        "pk": 22, 
        "model": "admin.logentry", 
        "fields": {
            "action_flag": 1, 
            "action_time": "2011-06-06 12:12:47", 
            "object_repr": "Jhgfdsjvbjds", 
            "object_id": "3", 
            "change_message": "", 
            "user": 14, 
            "content_type": 17
        }
    }, 
    {
        "pk": 21, 
        "model": "admin.logentry", 
        "fields": {
            "action_flag": 2, 
            "action_time": "2011-06-06 12:03:01", 
            "object_repr": "Another Question", 
            "object_id": "2", 
            "change_message": "Changed name. Changed name for choice \"Option 1\". Changed name for choice \"Option 2\". Changed name for choice \"Option 3\".", 
            "user": 14, 
            "content_type": 17
        }
    }, 
    {
        "pk": 20, 
        "model": "admin.logentry", 
        "fields": {
            "action_flag": 2, 
            "action_time": "2011-06-06 00:07:41", 
            "object_repr": "Testqs", 
            "object_id": "1", 
            "change_message": "Changed users and error_types.", 
            "user": 14, 
            "content_type": 13
        }
    }, 
    {
        "pk": 19, 
        "model": "admin.logentry", 
        "fields": {
            "action_flag": 1, 
            "action_time": "2011-06-05 23:38:48", 
            "object_repr": "22341326", 
            "object_id": "3", 
            "change_message": "", 
            "user": 14, 
            "content_type": 14
        }
    }, 
    {
        "pk": 18, 
        "model": "admin.logentry", 
        "fields": {
            "action_flag": 1, 
            "action_time": "2011-06-05 23:37:55", 
            "object_repr": "22341325", 
            "object_id": "2", 
            "change_message": "", 
            "user": 14, 
            "content_type": 14
        }
    }, 
    {
        "pk": 17, 
        "model": "admin.logentry", 
        "fields": {
            "action_flag": 1, 
            "action_time": "2011-06-05 23:37:40", 
            "object_repr": "22341324", 
            "object_id": "1", 
            "change_message": "", 
            "user": 14, 
            "content_type": 14
        }
    }, 
    {
        "pk": 16, 
        "model": "admin.logentry", 
        "fields": {
            "action_flag": 2, 
            "action_time": "2011-06-04 21:06:11", 
            "object_repr": "A", 
            "object_id": "23", 
            "change_message": "Changed user.", 
            "user": 14, 
            "content_type": 12
        }
    }, 
    {
        "pk": 15, 
        "model": "admin.logentry", 
        "fields": {
            "action_flag": 1, 
            "action_time": "2011-06-04 18:39:34", 
            "object_repr": "Lol", 
            "object_id": "2", 
            "change_message": "", 
            "user": 14, 
            "content_type": 17
        }
    }, 
    {
        "pk": 14, 
        "model": "admin.logentry", 
        "fields": {
            "action_flag": 2, 
            "action_time": "2011-06-04 18:24:09", 
            "object_repr": "Child'S Age ?", 
            "object_id": "1", 
            "change_message": "Changed questionnaire.", 
            "user": 14, 
            "content_type": 17
        }
    }, 
    {
        "pk": 13, 
        "model": "admin.logentry", 
        "fields": {
            "action_flag": 1, 
            "action_time": "2011-06-04 17:28:50", 
            "object_repr": "Another Error Occuredf", 
            "object_id": "7", 
            "change_message": "", 
            "user": 14, 
            "content_type": 10
        }
    }, 
    {
        "pk": 12, 
        "model": "admin.logentry", 
        "fields": {
            "action_flag": 2, 
            "action_time": "2011-06-04 16:21:08", 
            "object_repr": "A", 
            "object_id": "1", 
            "change_message": "Changed user.", 
            "user": 14, 
            "content_type": 12
        }
    }, 
    {
        "pk": 11, 
        "model": "admin.logentry", 
        "fields": {
            "action_flag": 2, 
            "action_time": "2011-06-04 16:20:47", 
            "object_repr": "A", 
            "object_id": "23", 
            "change_message": "Changed user.", 
            "user": 14, 
            "content_type": 12
        }
    }, 
    {
        "pk": 10, 
        "model": "admin.logentry", 
        "fields": {
            "action_flag": 2, 
            "action_time": "2011-06-04 16:19:18", 
            "object_repr": "Balvani", 
            "object_id": "1", 
            "change_message": "Changed name.", 
            "user": 14, 
            "content_type": 13
        }
    }, 
    {
        "pk": 9, 
        "model": "admin.logentry", 
        "fields": {
            "action_flag": 2, 
            "action_time": "2011-06-04 16:19:02", 
            "object_repr": "Testqs", 
            "object_id": "1", 
            "change_message": "Changed error_types and questions.", 
            "user": 14, 
            "content_type": 13
        }
    }, 
    {
        "pk": 8, 
        "model": "admin.logentry", 
        "fields": {
            "action_flag": 1, 
            "action_time": "2011-06-04 16:18:47", 
            "object_repr": "Another Error Occured", 
            "object_id": "6", 
            "change_message": "", 
            "user": 14, 
            "content_type": 10
        }
    }, 
    {
        "pk": 7, 
        "model": "admin.logentry", 
        "fields": {
            "action_flag": 1, 
            "action_time": "2011-06-04 16:18:35", 
            "object_repr": "Child Passed Out From School", 
            "object_id": "5", 
            "change_message": "", 
            "user": 14, 
            "content_type": 10
        }
    }, 
    {
        "pk": 6, 
        "model": "admin.logentry", 
        "fields": {
            "action_flag": 1, 
            "action_time": "2011-06-04 16:18:08", 
            "object_repr": "New Address Is Unknown", 
            "object_id": "4", 
            "change_message": "", 
            "user": 14, 
            "content_type": 10
        }
    }, 
    {
        "pk": 5, 
        "model": "admin.logentry", 
        "fields": {
            "action_flag": 1, 
            "action_time": "2011-06-04 16:17:52", 
            "object_repr": "What Is New Address ?", 
            "object_id": "3", 
            "change_message": "", 
            "user": 14, 
            "content_type": 10
        }
    }, 
    {
        "pk": 4, 
        "model": "admin.logentry", 
        "fields": {
            "action_flag": 1, 
            "action_time": "2011-06-04 16:17:28", 
            "object_repr": "Address Got Changed", 
            "object_id": "2", 
            "change_message": "", 
            "user": 14, 
            "content_type": 10
        }
    }, 
    {
        "pk": 3, 
        "model": "admin.logentry", 
        "fields": {
            "action_flag": 1, 
            "action_time": "2011-06-04 16:17:08", 
            "object_repr": "Child Was Not Available", 
            "object_id": "1", 
            "change_message": "", 
            "user": 14, 
            "content_type": 10
        }
    }, 
    {
        "pk": 2, 
        "model": "admin.logentry", 
        "fields": {
            "action_flag": 2, 
            "action_time": "2011-06-04 15:42:25", 
            "object_repr": "A", 
            "object_id": "1", 
            "change_message": "Changed user.", 
            "user": 14, 
            "content_type": 12
        }
    }, 
    {
        "pk": 1, 
        "model": "admin.logentry", 
        "fields": {
            "action_flag": 1, 
            "action_time": "2011-06-04 15:18:48", 
            "object_repr": "Child'S Age ?", 
            "object_id": "1", 
            "change_message": "", 
            "user": 14, 
            "content_type": 17
        }
    }, 
    {
        "pk": 1, 
        "model": "main.errortype", 
        "fields": {
            "rght": 10, 
            "name": "Child was not available", 
            "parent": null, 
            "level": 0, 
            "lft": 1, 
            "tree_id": 3
        }
    }, 
    {
        "pk": 2, 
        "model": "main.errortype", 
        "fields": {
            "rght": 7, 
            "name": "Address got changed", 
            "parent": 1, 
            "level": 1, 
            "lft": 2, 
            "tree_id": 3
        }
    }, 
    {
        "pk": 3, 
        "model": "main.errortype", 
        "fields": {
            "rght": 6, 
            "name": "What is new address ?", 
            "parent": 2, 
            "level": 2, 
            "lft": 5, 
            "tree_id": 3
        }
    }, 
    {
        "pk": 4, 
        "model": "main.errortype", 
        "fields": {
            "rght": 4, 
            "name": "New Address is unknown", 
            "parent": 2, 
            "level": 2, 
            "lft": 3, 
            "tree_id": 3
        }
    }, 
    {
        "pk": 5, 
        "model": "main.errortype", 
        "fields": {
            "rght": 9, 
            "name": "Child passed out from school", 
            "parent": 1, 
            "level": 1, 
            "lft": 8, 
            "tree_id": 3
        }
    }, 
    {
        "pk": 6, 
        "model": "main.errortype", 
        "fields": {
            "rght": 2, 
            "name": "Another error occured", 
            "parent": null, 
            "level": 0, 
            "lft": 1, 
            "tree_id": 1
        }
    }, 
    {
        "pk": 7, 
        "model": "main.errortype", 
        "fields": {
            "rght": 2, 
            "name": "Another error occuredf", 
            "parent": null, 
            "level": 0, 
            "lft": 1, 
            "tree_id": 2
        }
    }, 
    {
        "pk": 1, 
        "model": "main.role", 
        "fields": {
            "rght": 22, 
            "head": null, 
            "name": "A", 
            "level": 0, 
            "lft": 1, 
            "user": 2, 
            "tree_id": 1
        }
    }, 
    {
        "pk": 2, 
        "model": "main.role", 
        "fields": {
            "rght": 13, 
            "head": 1, 
            "name": "B", 
            "level": 1, 
            "lft": 2, 
            "user": 4, 
            "tree_id": 1
        }
    }, 
    {
        "pk": 3, 
        "model": "main.role", 
        "fields": {
            "rght": 6, 
            "head": 2, 
            "name": "D", 
            "level": 2, 
            "lft": 3, 
            "user": 5, 
            "tree_id": 1
        }
    }, 
    {
        "pk": 4, 
        "model": "main.role", 
        "fields": {
            "rght": 5, 
            "head": 3, 
            "name": "H", 
            "level": 3, 
            "lft": 4, 
            "user": 6, 
            "tree_id": 1
        }
    }, 
    {
        "pk": 5, 
        "model": "main.role", 
        "fields": {
            "rght": 8, 
            "head": 2, 
            "name": "E", 
            "level": 2, 
            "lft": 7, 
            "user": 7, 
            "tree_id": 1
        }
    }, 
    {
        "pk": 6, 
        "model": "main.role", 
        "fields": {
            "rght": 12, 
            "head": 2, 
            "name": "F", 
            "level": 2, 
            "lft": 9, 
            "user": 8, 
            "tree_id": 1
        }
    }, 
    {
        "pk": 7, 
        "model": "main.role", 
        "fields": {
            "rght": 11, 
            "head": 6, 
            "name": "I", 
            "level": 3, 
            "lft": 10, 
            "user": 9, 
            "tree_id": 1
        }
    }, 
    {
        "pk": 8, 
        "model": "main.role", 
        "fields": {
            "rght": 21, 
            "head": 1, 
            "name": "C", 
            "level": 1, 
            "lft": 14, 
            "user": 10, 
            "tree_id": 1
        }
    }, 
    {
        "pk": 9, 
        "model": "main.role", 
        "fields": {
            "rght": 20, 
            "head": 8, 
            "name": "G", 
            "level": 2, 
            "lft": 15, 
            "user": 11, 
            "tree_id": 1
        }
    }, 
    {
        "pk": 10, 
        "model": "main.role", 
        "fields": {
            "rght": 17, 
            "head": 9, 
            "name": "J", 
            "level": 3, 
            "lft": 16, 
            "user": 12, 
            "tree_id": 1
        }
    }, 
    {
        "pk": 11, 
        "model": "main.role", 
        "fields": {
            "rght": 19, 
            "head": 9, 
            "name": "K", 
            "level": 3, 
            "lft": 18, 
            "user": 13, 
            "tree_id": 1
        }
    }, 
    {
        "pk": 12, 
        "model": "main.role", 
        "fields": {
            "rght": 22, 
            "head": null, 
            "name": "A", 
            "level": 0, 
            "lft": 1, 
            "user": 2, 
            "tree_id": 2
        }
    }, 
    {
        "pk": 13, 
        "model": "main.role", 
        "fields": {
            "rght": 13, 
            "head": 12, 
            "name": "B", 
            "level": 1, 
            "lft": 2, 
            "user": 4, 
            "tree_id": 2
        }
    }, 
    {
        "pk": 14, 
        "model": "main.role", 
        "fields": {
            "rght": 6, 
            "head": 13, 
            "name": "D", 
            "level": 2, 
            "lft": 3, 
            "user": 5, 
            "tree_id": 2
        }
    }, 
    {
        "pk": 15, 
        "model": "main.role", 
        "fields": {
            "rght": 5, 
            "head": 14, 
            "name": "H", 
            "level": 3, 
            "lft": 4, 
            "user": 6, 
            "tree_id": 2
        }
    }, 
    {
        "pk": 16, 
        "model": "main.role", 
        "fields": {
            "rght": 8, 
            "head": 13, 
            "name": "E", 
            "level": 2, 
            "lft": 7, 
            "user": 7, 
            "tree_id": 2
        }
    }, 
    {
        "pk": 17, 
        "model": "main.role", 
        "fields": {
            "rght": 12, 
            "head": 13, 
            "name": "F", 
            "level": 2, 
            "lft": 9, 
            "user": 8, 
            "tree_id": 2
        }
    }, 
    {
        "pk": 18, 
        "model": "main.role", 
        "fields": {
            "rght": 11, 
            "head": 17, 
            "name": "I", 
            "level": 3, 
            "lft": 10, 
            "user": 9, 
            "tree_id": 2
        }
    }, 
    {
        "pk": 19, 
        "model": "main.role", 
        "fields": {
            "rght": 21, 
            "head": 12, 
            "name": "C", 
            "level": 1, 
            "lft": 14, 
            "user": 10, 
            "tree_id": 2
        }
    }, 
    {
        "pk": 20, 
        "model": "main.role", 
        "fields": {
            "rght": 20, 
            "head": 19, 
            "name": "G", 
            "level": 2, 
            "lft": 15, 
            "user": 11, 
            "tree_id": 2
        }
    }, 
    {
        "pk": 21, 
        "model": "main.role", 
        "fields": {
            "rght": 17, 
            "head": 20, 
            "name": "J", 
            "level": 3, 
            "lft": 16, 
            "user": 12, 
            "tree_id": 2
        }
    }, 
    {
        "pk": 22, 
        "model": "main.role", 
        "fields": {
            "rght": 19, 
            "head": 20, 
            "name": "K", 
            "level": 3, 
            "lft": 18, 
            "user": 13, 
            "tree_id": 2
        }
    }, 
    {
        "pk": 23, 
        "model": "main.role", 
        "fields": {
            "rght": 22, 
            "head": null, 
            "name": "A", 
            "level": 0, 
            "lft": 1, 
            "user": 14, 
            "tree_id": 3
        }
    }, 
    {
        "pk": 24, 
        "model": "main.role", 
        "fields": {
            "rght": 11, 
            "head": 23, 
            "name": "B", 
            "level": 1, 
            "lft": 2, 
            "user": 4, 
            "tree_id": 3
        }
    }, 
    {
        "pk": 25, 
        "model": "main.role", 
        "fields": {
            "rght": 4, 
            "head": 24, 
            "name": "D", 
            "level": 2, 
            "lft": 3, 
            "user": 5, 
            "tree_id": 3
        }
    }, 
    {
        "pk": 26, 
        "model": "main.role", 
        "fields": {
            "rght": 21, 
            "head": 23, 
            "name": "H", 
            "level": 1, 
            "lft": 20, 
            "user": 6, 
            "tree_id": 3
        }
    }, 
    {
        "pk": 27, 
        "model": "main.role", 
        "fields": {
            "rght": 6, 
            "head": 24, 
            "name": "E", 
            "level": 2, 
            "lft": 5, 
            "user": 7, 
            "tree_id": 3
        }
    }, 
    {
        "pk": 28, 
        "model": "main.role", 
        "fields": {
            "rght": 10, 
            "head": 24, 
            "name": "F", 
            "level": 2, 
            "lft": 7, 
            "user": 8, 
            "tree_id": 3
        }
    }, 
    {
        "pk": 29, 
        "model": "main.role", 
        "fields": {
            "rght": 9, 
            "head": 28, 
            "name": "I", 
            "level": 3, 
            "lft": 8, 
            "user": 9, 
            "tree_id": 3
        }
    }, 
    {
        "pk": 30, 
        "model": "main.role", 
        "fields": {
            "rght": 19, 
            "head": 23, 
            "name": "C", 
            "level": 1, 
            "lft": 12, 
            "user": 10, 
            "tree_id": 3
        }
    }, 
    {
        "pk": 31, 
        "model": "main.role", 
        "fields": {
            "rght": 18, 
            "head": 30, 
            "name": "G", 
            "level": 2, 
            "lft": 13, 
            "user": 11, 
            "tree_id": 3
        }
    }, 
    {
        "pk": 32, 
        "model": "main.role", 
        "fields": {
            "rght": 15, 
            "head": 31, 
            "name": "J", 
            "level": 3, 
            "lft": 14, 
            "user": 12, 
            "tree_id": 3
        }
    }, 
    {
        "pk": 33, 
        "model": "main.role", 
        "fields": {
            "rght": 17, 
            "head": 31, 
            "name": "K", 
            "level": 3, 
            "lft": 16, 
            "user": 13, 
            "tree_id": 3
        }
    }, 
    {
        "pk": 34, 
        "model": "main.role", 
        "fields": {
            "rght": 4, 
            "head": null, 
            "name": "PI Admin for Manav Sadhna Project", 
            "level": 0, 
            "lft": 1, 
            "user": 14, 
            "tree_id": 4
        }
    }, 
    {
        "pk": 35, 
        "model": "main.role", 
        "fields": {
            "rght": 3, 
            "head": 34, 
            "name": "Supervisor Manav Sadhna Project", 
            "level": 1, 
            "lft": 2, 
            "user": 2, 
            "tree_id": 4
        }
    }, 
    {
        "pk": 1, 
        "model": "main.questionnaire", 
        "fields": {
            "hierarchy": 23, 
            "error_types": [
                1, 
                6, 
                7
            ], 
            "name": "TestQs", 
            "users": [
                1, 
                2, 
                3, 
                4, 
                5, 
                6, 
                7, 
                8, 
                9, 
                10, 
                11, 
                12, 
                13, 
                14
            ]
        }
    }, 
    {
        "pk": 2, 
        "model": "main.questionnaire", 
        "fields": {
            "hierarchy": 34, 
            "error_types": [
                1
            ], 
            "name": "Manav Sadhna", 
            "users": [
                1, 
                2, 
                3, 
                4, 
                5, 
                6, 
                7, 
                8, 
                9, 
                10, 
                11, 
                12, 
                13, 
                14
            ]
        }
    }, 
    {
        "pk": 1, 
        "model": "main.question", 
        "fields": {
            "questionnaire": 1, 
            "name": "Child's Age ?"
        }
    }, 
    {
        "pk": 2, 
        "model": "main.question", 
        "fields": {
            "questionnaire": 1, 
            "name": "Another question"
        }
    }, 
    {
        "pk": 3, 
        "model": "main.question", 
        "fields": {
            "questionnaire": 1, 
            "name": "jhgfdsjvbjds"
        }
    }, 
    {
        "pk": 1, 
        "model": "main.choice", 
        "fields": {
            "question": 1, 
            "name": "3"
        }
    }, 
    {
        "pk": 2, 
        "model": "main.choice", 
        "fields": {
            "question": 1, 
            "name": "4"
        }
    }, 
    {
        "pk": 3, 
        "model": "main.choice", 
        "fields": {
            "question": 1, 
            "name": "5"
        }
    }, 
    {
        "pk": 4, 
        "model": "main.choice", 
        "fields": {
            "question": 1, 
            "name": "6"
        }
    }, 
    {
        "pk": 5, 
        "model": "main.choice", 
        "fields": {
            "question": 2, 
            "name": "option 1"
        }
    }, 
    {
        "pk": 6, 
        "model": "main.choice", 
        "fields": {
            "question": 2, 
            "name": "option 2"
        }
    }, 
    {
        "pk": 7, 
        "model": "main.choice", 
        "fields": {
            "question": 2, 
            "name": "option 3"
        }
    }, 
    {
        "pk": 8, 
        "model": "main.choice", 
        "fields": {
            "question": 3, 
            "name": "hbikh"
        }
    }, 
    {
        "pk": 9, 
        "model": "main.choice", 
        "fields": {
            "question": 3, 
            "name": "hh"
        }
    }, 
    {
        "pk": 1, 
        "model": "main.uidstatus", 
        "fields": {
            "extra_details": "Child's name:JIYA RAMAN BHAI RA<br/>mother's name:RAMILABEN RAMAN BHAI RA<br/>father'sname:RAMAN B.RA<br/>", 
            "uid": "100508", 
            "role": null, 
            "date": null, 
            "questionnaire": 1, 
            "completer": null
        }
    }, 
    {
        "pk": 2, 
        "model": "main.uidstatus", 
        "fields": {
            "extra_details": "Child's name:DHVANI BHARABHAI RATHOD<br/>mother's name:HANSABEN BHARATBHAI RATHOD<br/>father'sname:BHARATBHAI RATHOD<br/>", 
            "uid": "101303", 
            "role": null, 
            "date": null, 
            "questionnaire": 1, 
            "completer": null
        }
    }, 
    {
        "pk": 3, 
        "model": "main.uidstatus", 
        "fields": {
            "extra_details": "Child's name:PRANSU RAJESH PASI<br/>mother's name:GITADEVI RAJESHBHAI PASI<br/>father'sname:RAJESH SHRIRAMDAYAL PASI<br/>", 
            "uid": "104802", 
            "role": null, 
            "date": null, 
            "questionnaire": 1, 
            "completer": null
        }
    }, 
    {
        "pk": 4, 
        "model": "main.uidstatus", 
        "fields": {
            "extra_details": "Child's name:JITU RAMUBHAI SHRIVAS<br/>mother's name:SUMSHA RAMUBHAI SHRIVAS<br/>father'sname:RAMUBHAI JAGDISHBHAI SHRIVAS<br/>", 
            "uid": "102404", 
            "role": null, 
            "date": null, 
            "questionnaire": 1, 
            "completer": null
        }
    }, 
    {
        "pk": 5, 
        "model": "main.uidstatus", 
        "fields": {
            "extra_details": "Child's name:SALONI B JADAV<br/>mother's name:DIWABEN JADAV<br/>father'sname:BHAVANBHAI  JADAV<br/>", 
            "uid": "103204", 
            "role": null, 
            "date": null, 
            "questionnaire": 1, 
            "completer": null
        }
    }, 
    {
        "pk": 6, 
        "model": "main.uidstatus", 
        "fields": {
            "extra_details": "Child's name:KORI SUPRIYA DINESHBHAI<br/>mother's name:ANITABEN D.KORI<br/>father'sname:DINESH BHAI R.KORI<br/>", 
            "uid": "107506", 
            "role": null, 
            "date": null, 
            "questionnaire": 1, 
            "completer": null
        }
    }, 
    {
        "pk": 7, 
        "model": "main.uidstatus", 
        "fields": {
            "extra_details": "Child's name:JADAV HIRAL ATUL BHAI<br/>mother's name:MEE ATUL BHAI JADAV<br/>father'sname:ATUL BHAI RANCHOD BHAI<br/>", 
            "uid": "106601", 
            "role": null, 
            "date": null, 
            "questionnaire": 1, 
            "completer": null
        }
    }, 
    {
        "pk": 8, 
        "model": "main.uidstatus", 
        "fields": {
            "extra_details": "Child's name:HARDIK BHARATBHAI SOLANKI<br/>mother's name:MANJUBEN.B.SOLANKI<br/>father'sname:BHARATBHAT SOLANKI<br/>", 
            "uid": "100908", 
            "role": null, 
            "date": null, 
            "questionnaire": 1, 
            "completer": null
        }
    }, 
    {
        "pk": 9, 
        "model": "main.uidstatus", 
        "fields": {
            "extra_details": "Child's name:NEHA GOVINDBHAI THAKOR<br/>mother's name:VIMALABEN G. THAKOR<br/>father'sname:GOVINDBHAI THAKOR<br/>", 
            "uid": "103607", 
            "role": null, 
            "date": null, 
            "questionnaire": 1, 
            "completer": null
        }
    }, 
    {
        "pk": 10, 
        "model": "main.uidstatus", 
        "fields": {
            "extra_details": "Child's name:JAMOD YAMINI BABUBHAI<br/>mother's name:MEE BEN BABUBHAI JAMOD<br/>father'sname:JAMOD BABUBHAI<br/>", 
            "uid": "103403", 
            "role": null, 
            "date": null, 
            "questionnaire": 1, 
            "completer": null
        }
    }, 
    {
        "pk": 11, 
        "model": "main.uidstatus", 
        "fields": {
            "extra_details": "Child's name:SAYABA RAJESHBHAI JHALA<br/>mother's name:RIBEN R.JHALA<br/>father'sname:RAJESHBHAI JHALA<br/>", 
            "uid": "105703", 
            "role": null, 
            "date": null, 
            "questionnaire": 1, 
            "completer": null
        }
    }, 
    {
        "pk": 12, 
        "model": "main.uidstatus", 
        "fields": {
            "extra_details": "Child's name:KRISH BHARATBHAI THOKER<br/>mother's name:BHARATBHAI B. THOKER<br/>father'sname:BHARATBHAI KANTIBHAI THOKER<br/>", 
            "uid": "104202", 
            "role": null, 
            "date": null, 
            "questionnaire": 1, 
            "completer": null
        }
    }, 
    {
        "pk": 13, 
        "model": "main.uidstatus", 
        "fields": {
            "extra_details": "Child's name:DHARUV MUKESHBHAI PURBIYA<br/>mother's name:KAILASHBEN.M.PURBIYA<br/>father'sname:MUKESHBHAI PUBIYA<br/>", 
            "uid": "100901", 
            "role": null, 
            "date": null, 
            "questionnaire": 1, 
            "completer": null
        }
    }, 
    {
        "pk": 14, 
        "model": "main.uidstatus", 
        "fields": {
            "extra_details": "Child's name:LALIT KALUJI MARWADI<br/>mother's name:BHIKHIBEN K. MARWADI<br/>father'sname:KALUJI K.MARWADI<br/>", 
            "uid": "103503", 
            "role": null, 
            "date": null, 
            "questionnaire": 1, 
            "completer": null
        }
    }, 
    {
        "pk": 15, 
        "model": "main.uidstatus", 
        "fields": {
            "extra_details": "Child's name:HINGDA POOJA KANTIBHAI<br/>mother's name:PRABHA BEN KANTIBHAI HINGDA<br/>father'sname:KANTIBHAI HINHDA<br/>", 
            "uid": "101305", 
            "role": null, 
            "date": null, 
            "questionnaire": 1, 
            "completer": null
        }
    }, 
    {
        "pk": 16, 
        "model": "main.uidstatus", 
        "fields": {
            "extra_details": "Child's name:DASARATH TVARBHAI MARVADI<br/>mother's name:KAMALABEN TVAR MARVADI<br/>father'sname:TVAR MOTAJI MARWADI<br/>", 
            "uid": "104808", 
            "role": null, 
            "date": null, 
            "questionnaire": 1, 
            "completer": null
        }
    }, 
    {
        "pk": 17, 
        "model": "main.uidstatus", 
        "fields": {
            "extra_details": "Child's name:LUHAR SAHDEV HIRABHAI<br/>mother's name:TARABEN HITRABHAI LUHAR<br/>father'sname:HIRABHAI KHODIDAS<br/>", 
            "uid": "100205", 
            "role": null, 
            "date": null, 
            "questionnaire": 1, 
            "completer": null
        }
    }, 
    {
        "pk": 18, 
        "model": "main.uidstatus", 
        "fields": {
            "extra_details": "Child's name:MAYUR DEVJIBHAI MAKWA<br/>mother's name:BHAVBEN DEVJIBHAI MAKWA<br/>father'sname:DEVJIBHAI D MAKWA<br/>", 
            "uid": "101807", 
            "role": null, 
            "date": null, 
            "questionnaire": 1, 
            "completer": null
        }
    }, 
    {
        "pk": 19, 
        "model": "main.uidstatus", 
        "fields": {
            "extra_details": "Child's name:DURGA HIMATBHAI MARWADI<br/>mother's name:KAMALABEN HIMATBHAI MARWADI<br/>father'sname:HIMATBHAI KHARTAJI MARWADI<br/>", 
            "uid": "104805", 
            "role": null, 
            "date": null, 
            "questionnaire": 1, 
            "completer": null
        }
    }, 
    {
        "pk": 20, 
        "model": "main.uidstatus", 
        "fields": {
            "extra_details": "Child's name:PRIYANKA SURESHBHAI MAKWA<br/>mother's name:BHAVBEN S MAKWA<br/>father'sname:SURESHBHAI MAKWA<br/>", 
            "uid": "107204", 
            "role": null, 
            "date": null, 
            "questionnaire": 1, 
            "completer": null
        }
    }, 
    {
        "pk": 21, 
        "model": "main.uidstatus", 
        "fields": {
            "extra_details": "Child's name:GEDIYA KARISH VISHANU BHAI<br/>mother's name:MANISHA BEN VISHANU BHAI GEDIYA<br/>father'sname:VISHANUBHAI CHATUR BHAI GEDEYA<br/>", 
            "uid": "105102", 
            "role": null, 
            "date": null, 
            "questionnaire": 1, 
            "completer": null
        }
    }, 
    {
        "pk": 22, 
        "model": "main.uidstatus", 
        "fields": {
            "extra_details": "Child's name:AMIT POPATBHAI SOLANKY<br/>mother's name:MANJULA BEN PAPAT BAHI SOLANKY<br/>father'sname:POPAT BHAI SOLANKY<br/>", 
            "uid": "101402", 
            "role": null, 
            "date": null, 
            "questionnaire": 1, 
            "completer": null
        }
    }, 
    {
        "pk": 23, 
        "model": "main.uidstatus", 
        "fields": {
            "extra_details": "Child's name:RUTVIK BEJU BHAI DANTANI<br/>mother's name:KANKU BEN B.DANTANI<br/>father'sname:BEJU BHAI DANTANI<br/>", 
            "uid": "100403", 
            "role": null, 
            "date": null, 
            "questionnaire": 1, 
            "completer": null
        }
    }, 
    {
        "pk": 24, 
        "model": "main.uidstatus", 
        "fields": {
            "extra_details": "Child's name:ANCHAL MAHENDRABHAI BHAIYA<br/>mother's name:SONIBEN MAHENDRABHAI BHAIYA<br/>father'sname:MAHENDRABHAI.B.BHAIYA<br/>", 
            "uid": "102608", 
            "role": null, 
            "date": null, 
            "questionnaire": 1, 
            "completer": null
        }
    }, 
    {
        "pk": 25, 
        "model": "main.uidstatus", 
        "fields": {
            "extra_details": "Child's name:KRIS KETAN BHAI MAKWA<br/>mother's name:RAMEELA BEN.K.MAKWA<br/>father'sname:KETANBHAI MAKWA<br/>", 
            "uid": "105205", 
            "role": null, 
            "date": null, 
            "questionnaire": 1, 
            "completer": null
        }
    }, 
    {
        "pk": 26, 
        "model": "main.uidstatus", 
        "fields": {
            "extra_details": "Child's name:RAVAT PARTH KANUBHAI<br/>mother's name:SOBHABEN KANUBHAI RAVAT<br/>father'sname:KANUBHAI R. RAVAT<br/>", 
            "uid": "106203", 
            "role": null, 
            "date": null, 
            "questionnaire": 1, 
            "completer": null
        }
    }, 
    {
        "pk": 27, 
        "model": "main.uidstatus", 
        "fields": {
            "extra_details": "Child's name:SERYA SATISHBHAI PARMAR<br/>mother's name:GITABEN SATISHBHAI PARMAR<br/>father'sname:SATISHBHAI JETHABHAI<br/>", 
            "uid": "106204", 
            "role": null, 
            "date": null, 
            "questionnaire": 1, 
            "completer": null
        }
    }, 
    {
        "pk": 28, 
        "model": "main.uidstatus", 
        "fields": {
            "extra_details": "Child's name:PRIYA RAMESHBHAI PARMAR<br/>mother's name:VIMLABEN RAMESHBHAI PARMAR<br/>father'sname:RAMESHBHAI B PARMAR<br/>", 
            "uid": "106407", 
            "role": null, 
            "date": null, 
            "questionnaire": 1, 
            "completer": null
        }
    }, 
    {
        "pk": 29, 
        "model": "main.uidstatus", 
        "fields": {
            "extra_details": "Child's name:REKHA VADIAL SOLAKI<br/>mother's name:GANGABEN VADILALBHAI SOLAKI<br/>father'sname:VADILALBHAI RAMAJIBHAI SOLAKI<br/>", 
            "uid": "102307", 
            "role": null, 
            "date": null, 
            "questionnaire": 1, 
            "completer": null
        }
    }, 
    {
        "pk": 30, 
        "model": "main.uidstatus", 
        "fields": {
            "extra_details": "Child's name:KAJAL LAVJIBHAI PARAMAR<br/>mother's name:KESHVBEN LAVJIBHAI PARAMAR<br/>father'sname:LAVJIBHAI PARMAR<br/>", 
            "uid": "104301", 
            "role": null, 
            "date": null, 
            "questionnaire": 1, 
            "completer": null
        }
    }, 
    {
        "pk": 31, 
        "model": "main.uidstatus", 
        "fields": {
            "extra_details": "Child's name:KARAN SATISHBHAI SENVA<br/>mother's name:GITABEN.S.SENVA<br/>father'sname:SATISHBHAI.K.SENVA<br/>", 
            "uid": "101602", 
            "role": null, 
            "date": null, 
            "questionnaire": 1, 
            "completer": null
        }
    }, 
    {
        "pk": 32, 
        "model": "main.uidstatus", 
        "fields": {
            "extra_details": "Child's name:LAXITA MANOHARBHAI BAROT<br/>mother's name:LILABEN MANOHARBHAI BAROT<br/>father'sname:MANOHARBHAI.K.BAROT<br/>", 
            "uid": "102606", 
            "role": null, 
            "date": null, 
            "questionnaire": 1, 
            "completer": null
        }
    }, 
    {
        "pk": 33, 
        "model": "main.uidstatus", 
        "fields": {
            "extra_details": "Child's name:RMADADAJI MARWADI<br/>mother's name:MOHINIBEN MARWADI<br/>father'sname:ADAJI K.MARWADI<br/>", 
            "uid": "103508", 
            "role": null, 
            "date": null, 
            "questionnaire": 1, 
            "completer": null
        }
    }, 
    {
        "pk": 34, 
        "model": "main.uidstatus", 
        "fields": {
            "extra_details": "Child's name:AMAN GHANSHYAM BHAI KORI<br/>mother's name:POOMBEN G.KORI<br/>father'sname:GHANSHYAM BHAI KORI<br/>", 
            "uid": "107001", 
            "role": null, 
            "date": null, 
            "questionnaire": 1, 
            "completer": null
        }
    }, 
    {
        "pk": 35, 
        "model": "main.uidstatus", 
        "fields": {
            "extra_details": "Child's name:SNEHA AMIT BHAI THAKOR<br/>mother's name:RITU AMITBHAI THAKOR<br/>father'sname:AMIT SIVBAHADUR THAKOR<br/>", 
            "uid": "102407", 
            "role": null, 
            "date": null, 
            "questionnaire": 1, 
            "completer": null
        }
    }, 
    {
        "pk": 36, 
        "model": "main.uidstatus", 
        "fields": {
            "extra_details": "Child's name:RAJDEEP MOHANLAL PARMAR<br/>mother's name:RAMILABEN MOHANLAL PARMAR<br/>father'sname:MOHANLAL PARMAR<br/>", 
            "uid": "100704", 
            "role": null, 
            "date": null, 
            "questionnaire": 1, 
            "completer": null
        }
    }, 
    {
        "pk": 37, 
        "model": "main.uidstatus", 
        "fields": {
            "extra_details": "Child's name:BHUMIKA AHOMPRAKASH SHARMA<br/>mother's name:KIRTI BEN AHOMPRAKASH SHARMA<br/>father'sname:AHOMPRAKASH KALYNSHAH SHARMA<br/>", 
            "uid": "103701", 
            "role": null, 
            "date": null, 
            "questionnaire": 1, 
            "completer": null
        }
    }, 
    {
        "pk": 38, 
        "model": "main.uidstatus", 
        "fields": {
            "extra_details": "Child's name:DAVAL JAYANTIBHAI THKOR<br/>mother's name:SANGITABEN<br/>father'sname:JAYATI BHAI THKOR<br/>", 
            "uid": "104607", 
            "role": null, 
            "date": null, 
            "questionnaire": 1, 
            "completer": null
        }
    }, 
    {
        "pk": 39, 
        "model": "main.uidstatus", 
        "fields": {
            "extra_details": "Child's name:KIRAN KIRTI BHAI RATHOD<br/>mother's name:MAMTA BEN K.RATHOD<br/>father'sname:KIRTI BHAI RATHOD<br/>", 
            "uid": "106106", 
            "role": null, 
            "date": null, 
            "questionnaire": 1, 
            "completer": null
        }
    }, 
    {
        "pk": 40, 
        "model": "main.uidstatus", 
        "fields": {
            "extra_details": "Child's name:KHUSHI RAJUBHAI KADIYA<br/>mother's name:GAYARI RAJUBHAI KADIYA<br/>father'sname:RAJUBHAI MOTIRAM KADIYA<br/>", 
            "uid": "104606", 
            "role": null, 
            "date": null, 
            "questionnaire": 1, 
            "completer": null
        }
    }, 
    {
        "pk": 41, 
        "model": "main.uidstatus", 
        "fields": {
            "extra_details": "Child's name:BHAVESH KALUBHAI MARUDA<br/>mother's name:LILABEN MARUDA<br/>father'sname:KALUBHAI MARUDA<br/>", 
            "uid": "100906", 
            "role": null, 
            "date": null, 
            "questionnaire": 1, 
            "completer": null
        }
    }, 
    {
        "pk": 42, 
        "model": "main.uidstatus", 
        "fields": {
            "extra_details": "Child's name:LAKSH KANTIBHAI MARVDI<br/>mother's name:SUNITABEN<br/>father'sname:KANTIBHAI JAGAJI MARVADI<br/>", 
            "uid": "104608", 
            "role": null, 
            "date": null, 
            "questionnaire": 1, 
            "completer": null
        }
    }, 
    {
        "pk": 43, 
        "model": "main.uidstatus", 
        "fields": {
            "extra_details": "Child's name:KUSHI BAVESHBHAI LUHAR<br/>mother's name:PANBEN BAVESHBHAI LUHAR<br/>father'sname:BAVESHBHAI BIKHABAHAI LUHAR<br/>", 
            "uid": "100209", 
            "role": null, 
            "date": null, 
            "questionnaire": 1, 
            "completer": null
        }
    }, 
    {
        "pk": 44, 
        "model": "main.uidstatus", 
        "fields": {
            "extra_details": "Child's name:SANTOSH SANKARBHAI MADRASHI<br/>mother's name:KAMLABEN SANKARBHAI MADRASHI<br/>father'sname:SANKARBHAI .P. MADRASHI<br/>", 
            "uid": "106301", 
            "role": null, 
            "date": null, 
            "questionnaire": 1, 
            "completer": null
        }
    }, 
    {
        "pk": 45, 
        "model": "main.uidstatus", 
        "fields": {
            "extra_details": "Child's name:BIL BADARJI THAKOR<br/>mother's name:KOKILA BEN B.THAKOR<br/>father'sname:BADARJI D THAKOR<br/>", 
            "uid": "107806", 
            "role": null, 
            "date": null, 
            "questionnaire": 1, 
            "completer": null
        }
    }, 
    {
        "pk": 46, 
        "model": "main.uidstatus", 
        "fields": {
            "extra_details": "Child's name:ROK.V.THAKOR<br/>mother's name:VIMLABEN.V.THAKOR<br/>father'sname:VINODBHAI.K.THAKOR<br/>", 
            "uid": "103306", 
            "role": null, 
            "date": null, 
            "questionnaire": 1, 
            "completer": null
        }
    }, 
    {
        "pk": 47, 
        "model": "main.uidstatus", 
        "fields": {
            "extra_details": "Child's name:THAKOR KIRAN VASANTBHAI<br/>mother's name:CHANDRIKABEN VASANTBHAI THAKOR<br/>father'sname:VASANTBHAI SARATAJI THAKOR<br/>", 
            "uid": "103208", 
            "role": null, 
            "date": null, 
            "questionnaire": 1, 
            "completer": null
        }
    }, 
    {
        "pk": 48, 
        "model": "main.uidstatus", 
        "fields": {
            "extra_details": "Child's name:ANIL HARESHBHAI MARWADI<br/>mother's name:MADHUBEN HARESH BHAI MARWADI<br/>father'sname:HARESHBHAI N.MARWADI<br/>", 
            "uid": "107006", 
            "role": null, 
            "date": null, 
            "questionnaire": 1, 
            "completer": null
        }
    }, 
    {
        "pk": 49, 
        "model": "main.uidstatus", 
        "fields": {
            "extra_details": "Child's name:KHUSHI PARSHOTAM CHAIHAN<br/>mother's name:HIRABEN PARSHOTAM CHAIHAN<br/>father'sname:PARSHOTAM MOHANBHAI CHAIHAN<br/>", 
            "uid": "107303", 
            "role": null, 
            "date": null, 
            "questionnaire": 1, 
            "completer": null
        }
    }, 
    {
        "pk": 50, 
        "model": "main.uidstatus", 
        "fields": {
            "extra_details": "Child's name:SANGEETA SARVESH BHAI VARMA<br/>mother's name:SIMABEN SARVESH BHAI VARMA<br/>father'sname:SARVESHBHAI M.VARMA<br/>", 
            "uid": "107002", 
            "role": null, 
            "date": null, 
            "questionnaire": 1, 
            "completer": null
        }
    }, 
    {
        "pk": 51, 
        "model": "main.uidstatus", 
        "fields": {
            "extra_details": "Child's name:MANJU RAJU BHAI BARJANIYA<br/>mother's name:MIXSHI BEN R.BARJANIYA<br/>father'sname:RAJU BHAI BARJANIYA<br/>", 
            "uid": "104702", 
            "role": null, 
            "date": null, 
            "questionnaire": 1, 
            "completer": null
        }
    }, 
    {
        "pk": 52, 
        "model": "main.uidstatus", 
        "fields": {
            "extra_details": "Child's name:ROK GANESH BAHI VAKHELA<br/>mother's name:KANKU BEN GANESH BHAI VAKHELA<br/>father'sname:GANESH BHAI VAKHELA<br/>", 
            "uid": "101405", 
            "role": null, 
            "date": null, 
            "questionnaire": 1, 
            "completer": null
        }
    }, 
    {
        "pk": 53, 
        "model": "main.uidstatus", 
        "fields": {
            "extra_details": "Child's name:NIMA ISHWARBHAI MARWADI<br/>mother's name:KUKIBEN ISHWARBHAI MARWADI<br/>father'sname:ISHWARBHAI MARWADI<br/>", 
            "uid": "103502", 
            "role": null, 
            "date": null, 
            "questionnaire": 1, 
            "completer": null
        }
    }, 
    {
        "pk": 54, 
        "model": "main.uidstatus", 
        "fields": {
            "extra_details": "Child's name:MARWADI KARAN CAHGANBHAI<br/>mother's name:NISHABEN C. MARWADI<br/>father'sname:CHAGANBHAI C. MARWADI<br/>", 
            "uid": "107105", 
            "role": null, 
            "date": null, 
            "questionnaire": 1, 
            "completer": null
        }
    }, 
    {
        "pk": 55, 
        "model": "main.uidstatus", 
        "fields": {
            "extra_details": "Child's name:ZALA BHAV RESHBHAI<br/>mother's name:BHARATIBEN N. ZALA<br/>father'sname:RESH BHAI M. ZALA<br/>", 
            "uid": "101505", 
            "role": null, 
            "date": null, 
            "questionnaire": 1, 
            "completer": null
        }
    }, 
    {
        "pk": 56, 
        "model": "main.uidstatus", 
        "fields": {
            "extra_details": "Child's name:CHIRAG RAICHAND THAKUR<br/>mother's name:MANJULABEN RAICHAND THAKUR<br/>father'sname:RAICHAND K.THAKUR<br/>", 
            "uid": "103506", 
            "role": null, 
            "date": null, 
            "questionnaire": 1, 
            "completer": null
        }
    }, 
    {
        "pk": 57, 
        "model": "main.uidstatus", 
        "fields": {
            "extra_details": "Child's name:ANJLI RAJUBHAI PATNI<br/>mother's name:LILABEN RAJUBHAI PATNI<br/>father'sname:RAJUBHAI.B.PATNI<br/>", 
            "uid": "102602", 
            "role": null, 
            "date": null, 
            "questionnaire": 1, 
            "completer": null
        }
    }, 
    {
        "pk": 58, 
        "model": "main.uidstatus", 
        "fields": {
            "extra_details": "Child's name:DIYA KAMLESHBHAI VAKHELA<br/>mother's name:KIRANBEN K. VAKHELA<br/>father'sname:KAMLESHBHAI VAKHELA<br/>", 
            "uid": "103602", 
            "role": null, 
            "date": null, 
            "questionnaire": 1, 
            "completer": null
        }
    }, 
    {
        "pk": 59, 
        "model": "main.uidstatus", 
        "fields": {
            "extra_details": "Child's name:PRAGATI PARDANGJI THAKOR<br/>mother's name:MANJULA BEN P.THAKOR<br/>father'sname:PARDANGJI J.THAKOR<br/>", 
            "uid": "107801", 
            "role": null, 
            "date": null, 
            "questionnaire": 1, 
            "completer": null
        }
    }, 
    {
        "pk": 60, 
        "model": "main.uidstatus", 
        "fields": {
            "extra_details": "Child's name:KAJAL AMARSHIN<br/>mother's name:REKHABEN AMARSINH<br/>father'sname:AMARSINH BABUBHAI NUT<br/>", 
            "uid": "107604", 
            "role": null, 
            "date": null, 
            "questionnaire": 1, 
            "completer": null
        }
    }, 
    {
        "pk": 61, 
        "model": "main.uidstatus", 
        "fields": {
            "extra_details": "Child's name:SUMIT PARATAPBHAI THAKOR<br/>mother's name:AASHABEN P. THAKOR<br/>father'sname:PRATAPGAR THAKOR<br/>", 
            "uid": "103604", 
            "role": null, 
            "date": null, 
            "questionnaire": 1, 
            "completer": null
        }
    }, 
    {
        "pk": 62, 
        "model": "main.uidstatus", 
        "fields": {
            "extra_details": "Child's name:KINJAL MAHENDRA PARMAR<br/>mother's name:MANJULABEN MAHENDRABHAI PARMAR<br/>father'sname:MAHENDRFA BHAI PARMAR<br/>", 
            "uid": "104306", 
            "role": null, 
            "date": null, 
            "questionnaire": 1, 
            "completer": null
        }
    }, 
    {
        "pk": 63, 
        "model": "main.uidstatus", 
        "fields": {
            "extra_details": "Child's name:HARSH HASHKUKH BHAI PARMAR<br/>mother's name:JAYSHREEBEN H. PARMAR<br/>father'sname:HASHMUKHBHAI PARMAR<br/>", 
            "uid": "102907", 
            "role": null, 
            "date": null, 
            "questionnaire": 1, 
            "completer": null
        }
    }, 
    {
        "pk": 64, 
        "model": "main.uidstatus", 
        "fields": {
            "extra_details": "Child's name:MANISH BHARATBHAI PARMAR<br/>mother's name:LILABEN BHARAT BHAI PARMAR<br/>father'sname:BHARAT BHAI PARMAR<br/>", 
            "uid": "100507", 
            "role": null, 
            "date": null, 
            "questionnaire": 1, 
            "completer": null
        }
    }, 
    {
        "pk": 65, 
        "model": "main.uidstatus", 
        "fields": {
            "extra_details": "Child's name:AYUSHI VINOD BHAI MAKVA<br/>mother's name:SILPA VINODBHAI MAKVA<br/>father'sname:VINOD BHAI JIVAN BHAI<br/>", 
            "uid": "106604", 
            "role": null, 
            "date": null, 
            "questionnaire": 1, 
            "completer": null
        }
    }, 
    {
        "pk": 66, 
        "model": "main.uidstatus", 
        "fields": {
            "extra_details": "Child's name:SHARMA CHANDNI HARGOVIND BHAI<br/>mother's name:BEBI BEN SHARMA<br/>father'sname:HARGOVINDBHAI<br/>", 
            "uid": "101903", 
            "role": null, 
            "date": null, 
            "questionnaire": 1, 
            "completer": null
        }
    }, 
    {
        "pk": 67, 
        "model": "main.uidstatus", 
        "fields": {
            "extra_details": "Child's name:VIKAS PRAKASHJI THAKOR<br/>mother's name:KAMALABE.P.THAKOR<br/>father'sname:PRAKASHJI.M. THAKOR<br/>", 
            "uid": "104906", 
            "role": null, 
            "date": null, 
            "questionnaire": 1, 
            "completer": null
        }
    }, 
    {
        "pk": 68, 
        "model": "main.uidstatus", 
        "fields": {
            "extra_details": "Child's name:TANISHA DAMJI THAKOR<br/>mother's name:TIBEN DAMJITHAKOR<br/>father'sname:DAMJI RAJUBHAI THAKOR<br/>", 
            "uid": "104108", 
            "role": null, 
            "date": null, 
            "questionnaire": 1, 
            "completer": null
        }
    }, 
    {
        "pk": 69, 
        "model": "main.uidstatus", 
        "fields": {
            "extra_details": "Child's name:POOM R. THAKOR<br/>mother's name:GITABEN RANJIBHAI THAKOR<br/>father'sname:RANJI BHAI KACHARJI THAKOR<br/>", 
            "uid": "102806", 
            "role": null, 
            "date": null, 
            "questionnaire": 1, 
            "completer": null
        }
    }, 
    {
        "pk": 70, 
        "model": "main.uidstatus", 
        "fields": {
            "extra_details": "Child's name:SNEHA MANOJBHAI RATHOD<br/>mother's name:NITU BEN M RATHOD<br/>father'sname:MANOJ BHAI RATHOD<br/>", 
            "uid": "104705", 
            "role": null, 
            "date": null, 
            "questionnaire": 1, 
            "completer": null
        }
    }, 
    {
        "pk": 71, 
        "model": "main.uidstatus", 
        "fields": {
            "extra_details": "Child's name:SYAM KARANBHAI RATHOD<br/>mother's name:MANISHABEN K. RATHOD<br/>father'sname:KARANBHAI VINUBHAI RATHOD<br/>", 
            "uid": "102102", 
            "role": null, 
            "date": null, 
            "questionnaire": 1, 
            "completer": null
        }
    }, 
    {
        "pk": 72, 
        "model": "main.uidstatus", 
        "fields": {
            "extra_details": "Child's name:TEJAL PRAHLADBHAI DANTANI<br/>mother's name:JOSH BEN P.DANTANI<br/>father'sname:PRAHLAD BHAI DANTANI<br/>", 
            "uid": "100405", 
            "role": null, 
            "date": null, 
            "questionnaire": 1, 
            "completer": null
        }
    }, 
    {
        "pk": 73, 
        "model": "main.uidstatus", 
        "fields": {
            "extra_details": "Child's name:THAKOR PRIYANSIRESHBHAI<br/>mother's name:PARULBEN THAKOR<br/>father'sname:RESHBHAI THAKOR<br/>", 
            "uid": "102002", 
            "role": null, 
            "date": null, 
            "questionnaire": 1, 
            "completer": null
        }
    }, 
    {
        "pk": 74, 
        "model": "main.uidstatus", 
        "fields": {
            "extra_details": "Child's name:DANTANI ASHVIN GUNVNI BHAI<br/>mother's name:DIPIKA BEN G. DANTANI<br/>father'sname:DANTANI GUNVNI BHAI<br/>", 
            "uid": "103401", 
            "role": null, 
            "date": null, 
            "questionnaire": 1, 
            "completer": null
        }
    }, 
    {
        "pk": 75, 
        "model": "main.uidstatus", 
        "fields": {
            "extra_details": "Child's name:MANISHA LALAJI MARWADI<br/>mother's name:JIVIBEN L.MARWADI<br/>father'sname:LALAJIBHAI P.MARWADI<br/>", 
            "uid": "100306", 
            "role": null, 
            "date": null, 
            "questionnaire": 1, 
            "completer": null
        }
    }, 
    {
        "pk": 76, 
        "model": "main.uidstatus", 
        "fields": {
            "extra_details": "Child's name:NILAM DILIPBHAI T<br/>mother's name:AASHABEN DILIPBHAI T<br/>father'sname:DILIPBHAI T<br/>", 
            "uid": "102702", 
            "role": null, 
            "date": null, 
            "questionnaire": 1, 
            "completer": null
        }
    }, 
    {
        "pk": 77, 
        "model": "main.uidstatus", 
        "fields": {
            "extra_details": "Child's name:ROSHNI BALBIR GAUTAM<br/>mother's name:GITABEN BALBIR GAUTAM<br/>father'sname:BALBIR SARMAN GAUTAM<br/>", 
            "uid": "100104", 
            "role": null, 
            "date": null, 
            "questionnaire": 1, 
            "completer": null
        }
    }, 
    {
        "pk": 78, 
        "model": "main.uidstatus", 
        "fields": {
            "extra_details": "Child's name:PREM BHARATBHAI<br/>mother's name:MEE BEN B.MARWADI<br/>father'sname:BHARATBHAI MARAWADI<br/>", 
            "uid": "100302", 
            "role": null, 
            "date": null, 
            "questionnaire": 1, 
            "completer": null
        }
    }, 
    {
        "pk": 79, 
        "model": "main.uidstatus", 
        "fields": {
            "extra_details": "Child's name:JYOTIKA VIRAMBHAI PARMAR<br/>mother's name:SOLBEN VIRAMBHAI PARMAR<br/>father'sname:VIRAMBHAI M PARMAR<br/>", 
            "uid": "103907", 
            "role": null, 
            "date": null, 
            "questionnaire": 1, 
            "completer": null
        }
    }, 
    {
        "pk": 80, 
        "model": "main.uidstatus", 
        "fields": {
            "extra_details": "Child's name:VIJAY ISHWARBHAI BAYYA<br/>mother's name:RITABEN ISVAR BAYYA<br/>father'sname:ISVARBHAI.K.BAYYA<br/>", 
            "uid": "102603", 
            "role": null, 
            "date": null, 
            "questionnaire": 1, 
            "completer": null
        }
    }, 
    {
        "pk": 81, 
        "model": "main.uidstatus", 
        "fields": {
            "extra_details": "Child's name:RIL.R.DABHI<br/>mother's name:LALITABEN.R.DABHI<br/>father'sname:RANJITBHAI.V.DABHI<br/>", 
            "uid": "103308", 
            "role": null, 
            "date": null, 
            "questionnaire": 1, 
            "completer": null
        }
    }, 
    {
        "pk": 82, 
        "model": "main.uidstatus", 
        "fields": {
            "extra_details": "Child's name:SNEHA RESHBHAI CHAUHAN<br/>mother's name:APLABEN RESHBHAI CHUHAN<br/>father'sname:RESHBHAI CHUHAN<br/>", 
            "uid": "103601", 
            "role": null, 
            "date": null, 
            "questionnaire": 1, 
            "completer": null
        }
    }, 
    {
        "pk": 83, 
        "model": "main.uidstatus", 
        "fields": {
            "extra_details": "Child's name:CHAVDA PRATHAM HARISHBHAI<br/>mother's name:GEETBEN HARISHBHAI CHAVDA<br/>father'sname:HARISHBHAI CHAVDA<br/>", 
            "uid": "101306", 
            "role": null, 
            "date": null, 
            "questionnaire": 1, 
            "completer": null
        }
    }, 
    {
        "pk": 84, 
        "model": "main.uidstatus", 
        "fields": {
            "extra_details": "Child's name:MEHUL GIRISHBHAI PARMAR<br/>mother's name:JASHIBEN GIRISHBHAI PARMAR<br/>father'sname:GIRISHBHAI BHIKHABHAI PARMAR<br/>", 
            "uid": "100103", 
            "role": null, 
            "date": null, 
            "questionnaire": 1, 
            "completer": null
        }
    }, 
    {
        "pk": 85, 
        "model": "main.uidstatus", 
        "fields": {
            "extra_details": "Child's name:BHUMI CHANDRESH BHAI PARMAR<br/>mother's name:MEE BEN CHANDRESH BHAI PARMAR<br/>father'sname:CHANDRESH BHAI PARMAR<br/>", 
            "uid": "102505", 
            "role": null, 
            "date": null, 
            "questionnaire": 1, 
            "completer": null
        }
    }, 
    {
        "pk": 86, 
        "model": "main.uidstatus", 
        "fields": {
            "extra_details": "Child's name:KRISH KIRAN BHAI DANTANI<br/>mother's name:USHA BEN KIRAN BHAI D<br/>father'sname:KIRAN BHAI D<br/>", 
            "uid": "102303", 
            "role": null, 
            "date": null, 
            "questionnaire": 1, 
            "completer": null
        }
    }, 
    {
        "pk": 87, 
        "model": "main.uidstatus", 
        "fields": {
            "extra_details": "Child's name:PREM JAYESH BHAI VAKHELA<br/>mother's name:DAKSHA BEN J VAKHELA<br/>father'sname:JAYESH BHAI VAKHELA<br/>", 
            "uid": "103101", 
            "role": null, 
            "date": null, 
            "questionnaire": 1, 
            "completer": null
        }
    }, 
    {
        "pk": 88, 
        "model": "main.uidstatus", 
        "fields": {
            "extra_details": "Child's name:PRUTHVI RAJUBHAI CHAIHAN<br/>mother's name:HANSHBEN RAJUBHAI CHAIHAN<br/>father'sname:RAJUBHAI MAFAJIBHAI CHAIHAN<br/>", 
            "uid": "100208", 
            "role": null, 
            "date": null, 
            "questionnaire": 1, 
            "completer": null
        }
    }, 
    {
        "pk": 89, 
        "model": "main.uidstatus", 
        "fields": {
            "extra_details": "Child's name:KAJAL MAHADEVBHAI VAGALA<br/>mother's name:MANJULABEN MAHADEVBHAI VAGALA<br/>father'sname:MAHADEVBHAI S.VAGALA<br/>", 
            "uid": "101205", 
            "role": null, 
            "date": null, 
            "questionnaire": 1, 
            "completer": null
        }
    }, 
    {
        "pk": 90, 
        "model": "main.uidstatus", 
        "fields": {
            "extra_details": "Child's name:NISHA JUJI THAKOR<br/>mother's name:JIVIBEN R.THAKOR<br/>father'sname:RAJUJI J.THAKOR<br/>", 
            "uid": "107804", 
            "role": null, 
            "date": null, 
            "questionnaire": 1, 
            "completer": null
        }
    }, 
    {
        "pk": 91, 
        "model": "main.uidstatus", 
        "fields": {
            "extra_details": "Child's name:PRINCE RAMESHBHAI SOLANKI<br/>mother's name:RAMILABEN RAMESHBHAI SOLANKI<br/>father'sname:RAMESHBHAI SOLANKI<br/>", 
            "uid": "103107", 
            "role": null, 
            "date": null, 
            "questionnaire": 1, 
            "completer": null
        }
    }, 
    {
        "pk": 92, 
        "model": "main.uidstatus", 
        "fields": {
            "extra_details": "Child's name:AASKA SHANKAR BAHI T<br/>mother's name:SUNITABEN SHANKARBHAI T<br/>father'sname:SHKARBHAI T<br/>", 
            "uid": "107606", 
            "role": null, 
            "date": null, 
            "questionnaire": 1, 
            "completer": null
        }
    }, 
    {
        "pk": 93, 
        "model": "main.uidstatus", 
        "fields": {
            "extra_details": "Child's name:KAMLESH RATILAL MARVADI<br/>mother's name:JIGISHBEN RATILAL MARVADI<br/>father'sname:RATILAL SANKARJI MARVADI<br/>", 
            "uid": "106802", 
            "role": null, 
            "date": null, 
            "questionnaire": 1, 
            "completer": null
        }
    }, 
    {
        "pk": 94, 
        "model": "main.uidstatus", 
        "fields": {
            "extra_details": "Child's name:GUSHVAMI RAGINI ASHEMBAR BHAI<br/>mother's name:SARITA R. GAUSWAMI<br/>father'sname:ASHEMBAR BHAI S.GAVSHVAMI<br/>", 
            "uid": "101508", 
            "role": null, 
            "date": null, 
            "questionnaire": 1, 
            "completer": null
        }
    }, 
    {
        "pk": 95, 
        "model": "main.uidstatus", 
        "fields": {
            "extra_details": "Child's name:KHUSHI KANUBAHI MARWADI<br/>mother's name:HANUSHLYABEN KANUBAHI MARWADI<br/>father'sname:KANUBHAI MARWADI<br/>", 
            "uid": "103005", 
            "role": null, 
            "date": null, 
            "questionnaire": 1, 
            "completer": null
        }
    }, 
    {
        "pk": 96, 
        "model": "main.uidstatus", 
        "fields": {
            "extra_details": "Child's name:SHRUSTI DILIPBHAI VISHVKARMA<br/>mother's name:SHUREMABEN DILIPBHAI VISHVKARMA<br/>father'sname:DILIPBHAI S.VISHVKARMA<br/>", 
            "uid": "106803", 
            "role": null, 
            "date": null, 
            "questionnaire": 1, 
            "completer": null
        }
    }, 
    {
        "pk": 97, 
        "model": "main.uidstatus", 
        "fields": {
            "extra_details": "Child's name:ANOSHSING MANOJSING KRISHCHAIN<br/>mother's name:RIBEN MANOJSING KRISHCHAIN<br/>father'sname:MANOJSING.G. KRISHCHAIN<br/>", 
            "uid": "105004", 
            "role": null, 
            "date": null, 
            "questionnaire": 1, 
            "completer": null
        }
    }, 
    {
        "pk": 98, 
        "model": "main.uidstatus", 
        "fields": {
            "extra_details": "Child's name:RUSHI KISHORBHAI PARMAR<br/>mother's name:RAMADABEN.K.PARMAR<br/>father'sname:KISHORBHAI PREMJIBHAI PARMAR<br/>", 
            "uid": "102106", 
            "role": null, 
            "date": null, 
            "questionnaire": 1, 
            "completer": null
        }
    }, 
    {
        "pk": 99, 
        "model": "main.uidstatus", 
        "fields": {
            "extra_details": "Child's name:AMIT R. TAHKOR<br/>mother's name:SITHA VITTHAL THAKOR<br/>father'sname:RAJESH V. THAKOR<br/>", 
            "uid": "102801", 
            "role": null, 
            "date": null, 
            "questionnaire": 1, 
            "completer": null
        }
    }, 
    {
        "pk": 100, 
        "model": "main.uidstatus", 
        "fields": {
            "extra_details": "Child's name:VORA JIL TVARBHAI<br/>mother's name:PARVLBEN.N.VORA<br/>father'sname:TVARBHAI.K.VORA<br/>", 
            "uid": "105406", 
            "role": null, 
            "date": null, 
            "questionnaire": 1, 
            "completer": null
        }
    }, 
    {
        "pk": 101, 
        "model": "main.uidstatus", 
        "fields": {
            "extra_details": "Child's name:PARMAR CHANDANI KAMLESHBHAI<br/>mother's name:BHAVABEN R. PARMAR<br/>father'sname:KAMLESHBHAI B.PARMAR<br/>", 
            "uid": "100801", 
            "role": null, 
            "date": null, 
            "questionnaire": 1, 
            "completer": null
        }
    }, 
    {
        "pk": 102, 
        "model": "main.uidstatus", 
        "fields": {
            "extra_details": "Child's name:DIPIKA JAYANTIBHAI PARMAR<br/>mother's name:MEEBEN JAYANTI BHAI PARMAR<br/>father'sname:JAYANTIBHAI B. PARMAR<br/>", 
            "uid": "103108", 
            "role": null, 
            "date": null, 
            "questionnaire": 1, 
            "completer": null
        }
    }, 
    {
        "pk": 103, 
        "model": "main.uidstatus", 
        "fields": {
            "extra_details": "Child's name:VIMAL ANILBHAI SOLANKI<br/>mother's name:KAPILA BEN A. SOLANKY<br/>father'sname:ANILBHAI SOLANKY<br/>", 
            "uid": "103105", 
            "role": null, 
            "date": null, 
            "questionnaire": 1, 
            "completer": null
        }
    }, 
    {
        "pk": 104, 
        "model": "main.uidstatus", 
        "fields": {
            "extra_details": "Child's name:DIPIKA JITENDRA BHAI TT<br/>mother's name:LATA BEN JITENDRA BHAI TT<br/>father'sname:JITENDRA BHAI TT<br/>", 
            "uid": "102504", 
            "role": null, 
            "date": null, 
            "questionnaire": 1, 
            "completer": null
        }
    }, 
    {
        "pk": 105, 
        "model": "main.uidstatus", 
        "fields": {
            "extra_details": "Child's name:MEET SATISHBHAI JARADI<br/>mother's name:VASANTIBEN SATISHBHAI JARADI<br/>father'sname:SATISHBHAI JARADI<br/>", 
            "uid": "102701", 
            "role": null, 
            "date": null, 
            "questionnaire": 1, 
            "completer": null
        }
    }, 
    {
        "pk": 106, 
        "model": "main.uidstatus", 
        "fields": {
            "extra_details": "Child's name:THAKOR CHAITALI P<br/>mother's name:THAKOR SAVITABEN P<br/>father'sname:THAKOR PARESHBHAI D<br/>", 
            "uid": "103201", 
            "role": null, 
            "date": null, 
            "questionnaire": 1, 
            "completer": null
        }
    }, 
    {
        "pk": 107, 
        "model": "main.uidstatus", 
        "fields": {
            "extra_details": "Child's name:MAKWA PALAK RAMESH BHAI<br/>mother's name:GEETA BEN RAMESH BHAI MAKWA<br/>father'sname:MAKWA RAMESH BHAI<br/>", 
            "uid": "103406", 
            "role": null, 
            "date": null, 
            "questionnaire": 1, 
            "completer": null
        }
    }, 
    {
        "pk": 108, 
        "model": "main.uidstatus", 
        "fields": {
            "extra_details": "Child's name:DIVYA KIRANBHAI PARAMAR<br/>mother's name:LATTABEN KIRANBHAI PARAMAR<br/>father'sname:KIRANBHAI K. PARMAR<br/>", 
            "uid": "101006", 
            "role": null, 
            "date": null, 
            "questionnaire": 1, 
            "completer": null
        }
    }, 
    {
        "pk": 109, 
        "model": "main.uidstatus", 
        "fields": {
            "extra_details": "Child's name:AJAY JAYANTIBHAI THAKOR<br/>mother's name:BHAGVATIBEN JAYANTIBHAI THAKOR<br/>father'sname:JAYANTI BHAI OTHAKOR<br/>", 
            "uid": "104402", 
            "role": null, 
            "date": null, 
            "questionnaire": 1, 
            "completer": null
        }
    }, 
    {
        "pk": 110, 
        "model": "main.uidstatus", 
        "fields": {
            "extra_details": "Child's name:RIYA RAJUBHAI PARMAR<br/>mother's name:PUSPABEN RAJUBAHI PARMAR<br/>father'sname:RAJUBHAI MANILAL PARMAR<br/>", 
            "uid": "100703", 
            "role": null, 
            "date": null, 
            "questionnaire": 1, 
            "completer": null
        }
    }, 
    {
        "pk": 111, 
        "model": "main.uidstatus", 
        "fields": {
            "extra_details": "Child's name:YOGITA MANOJBHAI KORI<br/>mother's name:KRISHBEN MANOJBHAI KORI<br/>father'sname:MANOJBHAI J.KORI<br/>", 
            "uid": "107008", 
            "role": null, 
            "date": null, 
            "questionnaire": 1, 
            "completer": null
        }
    }, 
    {
        "pk": 112, 
        "model": "main.uidstatus", 
        "fields": {
            "extra_details": "Child's name:RAHUL SANKERBHAI SOLNKI<br/>mother's name:GITABEN SANKERBHAI SOLNKI<br/>father'sname:SANKERBHAI RSHIHBHAI SOLNKI<br/>", 
            "uid": "102406", 
            "role": null, 
            "date": null, 
            "questionnaire": 1, 
            "completer": null
        }
    }, 
    {
        "pk": 113, 
        "model": "main.uidstatus", 
        "fields": {
            "extra_details": "Child's name:AVISHA DASHRATBHAI PARMAR<br/>mother's name:VASANTIBEN DASHRATHBHAI PARMAR<br/>father'sname:DASHRATHBHAI.G. PARMAR<br/>", 
            "uid": "100608", 
            "role": null, 
            "date": null, 
            "questionnaire": 1, 
            "completer": null
        }
    }, 
    {
        "pk": 114, 
        "model": "main.uidstatus", 
        "fields": {
            "extra_details": "Child's name:HELYI MHENDRBHAI MAKAVA<br/>mother's name:LAXMIBEN<br/>father'sname:MHENDRBHAI<br/>", 
            "uid": "101802", 
            "role": null, 
            "date": null, 
            "questionnaire": 1, 
            "completer": null
        }
    }, 
    {
        "pk": 115, 
        "model": "main.uidstatus", 
        "fields": {
            "extra_details": "Child's name:MIHIR.N.VAGALA<br/>mother's name:SUSHILABEN.N.VAGALA<br/>father'sname:RESHBHAI.I.VAGALA<br/>", 
            "uid": "103307", 
            "role": null, 
            "date": null, 
            "questionnaire": 1, 
            "completer": null
        }
    }, 
    {
        "pk": 116, 
        "model": "main.uidstatus", 
        "fields": {
            "extra_details": "Child's name:SHIDHRAJ KANYBHAI MAJIRA<br/>mother's name:AASHNEM KANYBHAI MAJIRA<br/>father'sname:KANYBHAI MAJIRA<br/>", 
            "uid": "103903", 
            "role": null, 
            "date": null, 
            "questionnaire": 1, 
            "completer": null
        }
    }, 
    {
        "pk": 117, 
        "model": "main.uidstatus", 
        "fields": {
            "extra_details": "Child's name:BALUANI MALABHAI PARMAR<br/>mother's name:JEETABEN MALABHAI PARMAR<br/>father'sname:MALABHAI PARAMAR<br/>", 
            "uid": "101104", 
            "role": null, 
            "date": null, 
            "questionnaire": 1, 
            "completer": null
        }
    }, 
    {
        "pk": 118, 
        "model": "main.uidstatus", 
        "fields": {
            "extra_details": "Child's name:HIRAL.A.SANMA<br/>mother's name:VIMLABEN.A.SANMA<br/>father'sname:ASHOKBHAI.N.SANMA<br/>", 
            "uid": "101607", 
            "role": null, 
            "date": null, 
            "questionnaire": 1, 
            "completer": null
        }
    }, 
    {
        "pk": 119, 
        "model": "main.uidstatus", 
        "fields": {
            "extra_details": "Child's name:MAHIBEN KAMLESH SHIMALI<br/>mother's name:SANGITABEN KAMLESH SHIMALI<br/>father'sname:KAMLESH BALCEVBHAI SHIMALI<br/>", 
            "uid": "107302", 
            "role": null, 
            "date": null, 
            "questionnaire": 1, 
            "completer": null
        }
    }, 
    {
        "pk": 120, 
        "model": "main.uidstatus", 
        "fields": {
            "extra_details": "Child's name:DHARA.D.RAVAT<br/>mother's name:CHANDRIKABEN.LALJIBHAI.RAVAT<br/>father'sname:DINESHBHAI.L.RAVAT<br/>", 
            "uid": "101606", 
            "role": null, 
            "date": null, 
            "questionnaire": 1, 
            "completer": null
        }
    }, 
    {
        "pk": 121, 
        "model": "main.uidstatus", 
        "fields": {
            "extra_details": "Child's name:UMESH RAJBHADUR PASI<br/>mother's name:RAJKUMARI PASI<br/>father'sname:RAJBHADUR PASI<br/>", 
            "uid": "101703", 
            "role": null, 
            "date": null, 
            "questionnaire": 1, 
            "completer": null
        }
    }, 
    {
        "pk": 122, 
        "model": "main.uidstatus", 
        "fields": {
            "extra_details": "Child's name:SHIMALI AARTI RAJU BHAI<br/>mother's name:KAILASHBEN RAJUBHAI SHIMALI<br/>father'sname:RAJU BHAI ISHWAR BHAI<br/>", 
            "uid": "106605", 
            "role": null, 
            "date": null, 
            "questionnaire": 1, 
            "completer": null
        }
    }, 
    {
        "pk": 123, 
        "model": "main.uidstatus", 
        "fields": {
            "extra_details": "Child's name:HIL VIJAYBHAI ZOPDIYA<br/>mother's name:SANKIJABEN VIJAYBHAI ZOPDIYA<br/>father'sname:VIJAYBHAI ZPODIYA<br/>", 
            "uid": "102605", 
            "role": null, 
            "date": null, 
            "questionnaire": 1, 
            "completer": null
        }
    }, 
    {
        "pk": 124, 
        "model": "main.uidstatus", 
        "fields": {
            "extra_details": "Child's name:DEVRAJ KANU BHAI CHAUHAN<br/>mother's name:PANI BEN KANU BHAI CHAUHAN<br/>father'sname:KANU BHAI V.CHAUHAN<br/>", 
            "uid": "104401", 
            "role": null, 
            "date": null, 
            "questionnaire": 1, 
            "completer": null
        }
    }, 
    {
        "pk": 125, 
        "model": "main.uidstatus", 
        "fields": {
            "extra_details": "Child's name:ANJALI DIPAJI PRAJAPATI<br/>mother's name:SIMABEN .D.PRAJAPATI<br/>father'sname:DIPAJI PRAJAPATI<br/>", 
            "uid": "102705", 
            "role": null, 
            "date": null, 
            "questionnaire": 1, 
            "completer": null
        }
    }, 
    {
        "pk": 126, 
        "model": "main.uidstatus", 
        "fields": {
            "extra_details": "Child's name:JAIDIP RESHBHAI PARMAR<br/>mother's name:ANJABEN RESHBHAI PARMAR<br/>father'sname:RESHBHAI M PARMAR<br/>", 
            "uid": "100702", 
            "role": null, 
            "date": null, 
            "questionnaire": 1, 
            "completer": null
        }
    }, 
    {
        "pk": 127, 
        "model": "main.uidstatus", 
        "fields": {
            "extra_details": "Child's name:PAL ADITYA TIRTHBHAI<br/>mother's name:PAL MAMATABEN T.<br/>father'sname:PAL TIRTHBHAI M.<br/>", 
            "uid": "107101", 
            "role": null, 
            "date": null, 
            "questionnaire": 1, 
            "completer": null
        }
    }, 
    {
        "pk": 128, 
        "model": "main.uidstatus", 
        "fields": {
            "extra_details": "Child's name:DHAVAL MAHESHBHAI THAKOR<br/>mother's name:NDABEN.M. THAKOR<br/>father'sname:MAHESH BHAI THAKOR<br/>", 
            "uid": "104903", 
            "role": null, 
            "date": null, 
            "questionnaire": 1, 
            "completer": null
        }
    }, 
    {
        "pk": 129, 
        "model": "main.uidstatus", 
        "fields": {
            "extra_details": "Child's name:YAN JENTIBHAI PARMAR<br/>mother's name:RMADAEN J PARMAR<br/>father'sname:JENTIBHAI M.PARMAR<br/>", 
            "uid": "100304", 
            "role": null, 
            "date": null, 
            "questionnaire": 1, 
            "completer": null
        }
    }, 
    {
        "pk": 130, 
        "model": "main.uidstatus", 
        "fields": {
            "extra_details": "Child's name:SAMIR SHANKR BHAI MARWADI<br/>mother's name:JOSHBEN S. MARWADI<br/>father'sname:SHANKARBHAI MARWADI<br/>", 
            "uid": "101108", 
            "role": null, 
            "date": null, 
            "questionnaire": 1, 
            "completer": null
        }
    }, 
    {
        "pk": 131, 
        "model": "main.uidstatus", 
        "fields": {
            "extra_details": "Child's name:RIDDI SHANKARBHAI THAKOR<br/>mother's name:RITABEN SHANKARBHAI THAKOR<br/>father'sname:SHANKARBHAI.C. THAKOR<br/>", 
            "uid": "105006", 
            "role": null, 
            "date": null, 
            "questionnaire": 1, 
            "completer": null
        }
    }, 
    {
        "pk": 132, 
        "model": "main.uidstatus", 
        "fields": {
            "extra_details": "Child's name:MOHIT HIRABHAI MAKWA<br/>mother's name:VARSHABEN.H.MAKWA<br/>father'sname:HIRABHAID.MAKWA<br/>", 
            "uid": "103001", 
            "role": null, 
            "date": null, 
            "questionnaire": 1, 
            "completer": null
        }
    }, 
    {
        "pk": 133, 
        "model": "main.uidstatus", 
        "fields": {
            "extra_details": "Child's name:SANDHYA VIJAYABHAI RAJPUT<br/>mother's name:KIRANBEN VIJAY BHAI RAJPUT<br/>father'sname:VIJAYBHAI R.RAJPUT<br/>", 
            "uid": "107007", 
            "role": null, 
            "date": null, 
            "questionnaire": 1, 
            "completer": null
        }
    }, 
    {
        "pk": 134, 
        "model": "main.uidstatus", 
        "fields": {
            "extra_details": "Child's name:VAGHELA VIKAS KIRTIBHAI<br/>mother's name:PINKY BEN K.VAGHELA<br/>father'sname:KIRTI BHAI VAGHELA<br/>", 
            "uid": "106103", 
            "role": null, 
            "date": null, 
            "questionnaire": 1, 
            "completer": null
        }
    }, 
    {
        "pk": 135, 
        "model": "main.uidstatus", 
        "fields": {
            "extra_details": "Child's name:BHUMIKA MUBHAI RATHOD<br/>mother's name:NITABEN MANUBHAI RATHOD<br/>father'sname:MANUBHAI K.RATHOD<br/>", 
            "uid": "101202", 
            "role": null, 
            "date": null, 
            "questionnaire": 1, 
            "completer": null
        }
    }, 
    {
        "pk": 136, 
        "model": "main.uidstatus", 
        "fields": {
            "extra_details": "Child's name:SHUBHAM RAJTH BHAI KORI<br/>mother's name:MADHUBEN R.KORI<br/>father'sname:RAJTH BHAI KORI<br/>", 
            "uid": "100406", 
            "role": null, 
            "date": null, 
            "questionnaire": 1, 
            "completer": null
        }
    }, 
    {
        "pk": 137, 
        "model": "main.uidstatus", 
        "fields": {
            "extra_details": "Child's name:RAHUL KHEMABHAI PARMAR<br/>mother's name:BHAVBEN KHEMAJI PARMAR<br/>father'sname:KHEMAJI DHAMABHAI PARMAR<br/>", 
            "uid": "106404", 
            "role": null, 
            "date": null, 
            "questionnaire": 1, 
            "completer": null
        }
    }, 
    {
        "pk": 138, 
        "model": "main.uidstatus", 
        "fields": {
            "extra_details": "Child's name:VASANTI.V.THAKOR<br/>mother's name:AASHABEN.V.THAKOR<br/>father'sname:VITRAMBHAI THAKOR<br/>", 
            "uid": "103303", 
            "role": null, 
            "date": null, 
            "questionnaire": 1, 
            "completer": null
        }
    }, 
    {
        "pk": 1, 
        "model": "south.migrationhistory", 
        "fields": {
            "applied": "2011-06-03 11:49:16", 
            "app_name": "main", 
            "migration": "0001_initial"
        }
    }, 
    {
        "pk": 2, 
        "model": "south.migrationhistory", 
        "fields": {
            "applied": "2011-06-03 11:49:17", 
            "app_name": "main", 
            "migration": "0002_auto__add_person"
        }
    }, 
    {
        "pk": 3, 
        "model": "south.migrationhistory", 
        "fields": {
            "applied": "2011-06-03 11:49:17", 
            "app_name": "main", 
            "migration": "0003_auto__chg_field_person_supervisor"
        }
    }, 
    {
        "pk": 4, 
        "model": "south.migrationhistory", 
        "fields": {
            "applied": "2011-06-03 11:49:18", 
            "app_name": "main", 
            "migration": "0004_auto__add_idstatus__del_field_person_supervisor__add_field_person_head"
        }
    }, 
    {
        "pk": 5, 
        "model": "south.migrationhistory", 
        "fields": {
            "applied": "2011-06-03 11:49:20", 
            "app_name": "main", 
            "migration": "0005_auto__del_idstatus__del_person__add_project__add_error__add_role__add_"
        }
    }, 
    {
        "pk": 6, 
        "model": "south.migrationhistory", 
        "fields": {
            "applied": "2011-06-03 11:49:21", 
            "app_name": "main", 
            "migration": "0006_auto__add_field_error_details"
        }
    }, 
    {
        "pk": 7, 
        "model": "south.migrationhistory", 
        "fields": {
            "applied": "2011-06-03 11:49:22", 
            "app_name": "main", 
            "migration": "0007_auto__del_error__add_errortype__add_field_uidstatus_error__add_field_u"
        }
    }, 
    {
        "pk": 8, 
        "model": "south.migrationhistory", 
        "fields": {
            "applied": "2011-06-03 11:49:23", 
            "app_name": "main", 
            "migration": "0008_auto__add_uiderror__del_field_uidstatus_details__del_field_uidstatus_e"
        }
    }, 
    {
        "pk": 9, 
        "model": "south.migrationhistory", 
        "fields": {
            "applied": "2011-06-03 11:49:24", 
            "app_name": "main", 
            "migration": "0009_auto"
        }
    }, 
    {
        "pk": 10, 
        "model": "south.migrationhistory", 
        "fields": {
            "applied": "2011-06-03 11:49:24", 
            "app_name": "main", 
            "migration": "0010_auto__add_field_role_user"
        }
    }, 
    {
        "pk": 11, 
        "model": "south.migrationhistory", 
        "fields": {
            "applied": "2011-06-03 11:49:25", 
            "app_name": "main", 
            "migration": "0011_auto"
        }
    }, 
    {
        "pk": 12, 
        "model": "south.migrationhistory", 
        "fields": {
            "applied": "2011-06-03 11:49:25", 
            "app_name": "main", 
            "migration": "0012_auto"
        }
    }, 
    {
        "pk": 13, 
        "model": "south.migrationhistory", 
        "fields": {
            "applied": "2011-06-03 11:49:26", 
            "app_name": "main", 
            "migration": "0013_auto__add_field_uidstatus_role"
        }
    }, 
    {
        "pk": 14, 
        "model": "south.migrationhistory", 
        "fields": {
            "applied": "2011-06-03 11:49:26", 
            "app_name": "main", 
            "migration": "0014_auto__chg_field_uidstatus_role"
        }
    }, 
    {
        "pk": 15, 
        "model": "south.migrationhistory", 
        "fields": {
            "applied": "2011-06-03 11:49:27", 
            "app_name": "main", 
            "migration": "0015_auto__add_field_uidstatus_completer"
        }
    }, 
    {
        "pk": 16, 
        "model": "south.migrationhistory", 
        "fields": {
            "applied": "2011-06-03 11:49:28", 
            "app_name": "main", 
            "migration": "0016_auto__add_field_project_hierarchy__del_field_role_project"
        }
    }, 
    {
        "pk": 17, 
        "model": "south.migrationhistory", 
        "fields": {
            "applied": "2011-06-03 11:49:29", 
            "app_name": "main", 
            "migration": "0017_auto__chg_field_project_hierarchy__add_unique_project_hierarchy"
        }
    }, 
    {
        "pk": 18, 
        "model": "south.migrationhistory", 
        "fields": {
            "applied": "2011-06-03 11:49:29", 
            "app_name": "main", 
            "migration": "0018_auto__add_field_uidstatus_date"
        }
    }, 
    {
        "pk": 19, 
        "model": "south.migrationhistory", 
        "fields": {
            "applied": "2011-06-03 11:49:32", 
            "app_name": "main", 
            "migration": "0019_auto__del_project__add_questionnaire__add_confirmationquestion__del_fi"
        }
    }, 
    {
        "pk": 20, 
        "model": "south.migrationhistory", 
        "fields": {
            "applied": "2011-06-03 11:49:35", 
            "app_name": "accounts", 
            "migration": "0001_initial"
        }
    }, 
    {
        "pk": 21, 
        "model": "south.migrationhistory", 
        "fields": {
            "applied": "2011-06-03 11:49:36", 
            "app_name": "accounts", 
            "migration": "0002_auto__del_field_objectpermission_object_id__add_field_objectpermission"
        }
    }, 
    {
        "pk": 22, 
        "model": "south.migrationhistory", 
        "fields": {
            "applied": "2011-06-03 11:49:36", 
            "app_name": "accounts", 
            "migration": "0003_auto__chg_field_objectpermission_object_pk"
        }
    }, 
    {
        "pk": 23, 
        "model": "south.migrationhistory", 
        "fields": {
            "applied": "2011-06-04 06:50:54", 
            "app_name": "main", 
            "migration": "0020_auto__del_confirmationquestion__add_question__add_uidquestion"
        }
    }, 
    {
        "pk": 24, 
        "model": "south.migrationhistory", 
        "fields": {
            "applied": "2011-06-04 08:53:29", 
            "app_name": "main", 
            "migration": "0021_auto__add_choice__del_field_question_lft__del_field_question_parent__d"
        }
    }, 
    {
        "pk": 25, 
        "model": "south.migrationhistory", 
        "fields": {
            "applied": "2011-06-04 12:48:02", 
            "app_name": "main", 
            "migration": "0022_auto__add_field_question_questionnaire"
        }
    }, 
    {
        "pk": 26, 
        "model": "south.migrationhistory", 
        "fields": {
            "applied": "2011-06-06 08:55:13", 
            "app_name": "main", 
            "migration": "0023_add_extra_details"
        }
    }, 
    {
        "pk": 1, 
        "model": "accounts.objectpermission", 
        "fields": {
            "content_type": 13, 
            "object_pk": "2", 
            "can_change": true, 
            "can_view": true, 
            "user": 14, 
            "can_delete": true
        }
    }, 
    {
        "pk": 2, 
        "model": "accounts.objectpermission", 
        "fields": {
            "content_type": 13, 
            "object_pk": "2", 
            "can_change": true, 
            "can_view": true, 
            "user": 14, 
            "can_delete": true
        }
    }, 
    {
        "pk": 46, 
        "model": "auth.permission", 
        "fields": {
            "codename": "add_objectpermission", 
            "name": "Can add object permission", 
            "content_type": 16
        }
    }, 
    {
        "pk": 47, 
        "model": "auth.permission", 
        "fields": {
            "codename": "change_objectpermission", 
            "name": "Can change object permission", 
            "content_type": 16
        }
    }, 
    {
        "pk": 48, 
        "model": "auth.permission", 
        "fields": {
            "codename": "delete_objectpermission", 
            "name": "Can delete object permission", 
            "content_type": 16
        }
    }, 
    {
        "pk": 22, 
        "model": "auth.permission", 
        "fields": {
            "codename": "add_logentry", 
            "name": "Can add log entry", 
            "content_type": 8
        }
    }, 
    {
        "pk": 23, 
        "model": "auth.permission", 
        "fields": {
            "codename": "change_logentry", 
            "name": "Can change log entry", 
            "content_type": 8
        }
    }, 
    {
        "pk": 24, 
        "model": "auth.permission", 
        "fields": {
            "codename": "delete_logentry", 
            "name": "Can delete log entry", 
            "content_type": 8
        }
    }, 
    {
        "pk": 4, 
        "model": "auth.permission", 
        "fields": {
            "codename": "add_group", 
            "name": "Can add group", 
            "content_type": 2
        }
    }, 
    {
        "pk": 5, 
        "model": "auth.permission", 
        "fields": {
            "codename": "change_group", 
            "name": "Can change group", 
            "content_type": 2
        }
    }, 
    {
        "pk": 6, 
        "model": "auth.permission", 
        "fields": {
            "codename": "delete_group", 
            "name": "Can delete group", 
            "content_type": 2
        }
    }, 
    {
        "pk": 10, 
        "model": "auth.permission", 
        "fields": {
            "codename": "add_message", 
            "name": "Can add message", 
            "content_type": 4
        }
    }, 
    {
        "pk": 11, 
        "model": "auth.permission", 
        "fields": {
            "codename": "change_message", 
            "name": "Can change message", 
            "content_type": 4
        }
    }, 
    {
        "pk": 12, 
        "model": "auth.permission", 
        "fields": {
            "codename": "delete_message", 
            "name": "Can delete message", 
            "content_type": 4
        }
    }, 
    {
        "pk": 1, 
        "model": "auth.permission", 
        "fields": {
            "codename": "add_permission", 
            "name": "Can add permission", 
            "content_type": 1
        }
    }, 
    {
        "pk": 2, 
        "model": "auth.permission", 
        "fields": {
            "codename": "change_permission", 
            "name": "Can change permission", 
            "content_type": 1
        }
    }, 
    {
        "pk": 3, 
        "model": "auth.permission", 
        "fields": {
            "codename": "delete_permission", 
            "name": "Can delete permission", 
            "content_type": 1
        }
    }, 
    {
        "pk": 7, 
        "model": "auth.permission", 
        "fields": {
            "codename": "add_user", 
            "name": "Can add user", 
            "content_type": 3
        }
    }, 
    {
        "pk": 8, 
        "model": "auth.permission", 
        "fields": {
            "codename": "change_user", 
            "name": "Can change user", 
            "content_type": 3
        }
    }, 
    {
        "pk": 9, 
        "model": "auth.permission", 
        "fields": {
            "codename": "delete_user", 
            "name": "Can delete user", 
            "content_type": 3
        }
    }, 
    {
        "pk": 13, 
        "model": "auth.permission", 
        "fields": {
            "codename": "add_contenttype", 
            "name": "Can add content type", 
            "content_type": 5
        }
    }, 
    {
        "pk": 14, 
        "model": "auth.permission", 
        "fields": {
            "codename": "change_contenttype", 
            "name": "Can change content type", 
            "content_type": 5
        }
    }, 
    {
        "pk": 15, 
        "model": "auth.permission", 
        "fields": {
            "codename": "delete_contenttype", 
            "name": "Can delete content type", 
            "content_type": 5
        }
    }, 
    {
        "pk": 70, 
        "model": "auth.permission", 
        "fields": {
            "codename": "add_choice", 
            "name": "Can add choice", 
            "content_type": 19
        }
    }, 
    {
        "pk": 71, 
        "model": "auth.permission", 
        "fields": {
            "codename": "change_choice", 
            "name": "Can change choice", 
            "content_type": 19
        }
    }, 
    {
        "pk": 72, 
        "model": "auth.permission", 
        "fields": {
            "codename": "delete_choice", 
            "name": "Can delete choice", 
            "content_type": 19
        }
    }, 
    {
        "pk": 49, 
        "model": "auth.permission", 
        "fields": {
            "codename": "add_errortype", 
            "name": "Can add error type", 
            "content_type": 10
        }
    }, 
    {
        "pk": 28, 
        "model": "auth.permission", 
        "fields": {
            "codename": "add_project", 
            "name": "Can add project", 
            "content_type": 10
        }
    }, 
    {
        "pk": 50, 
        "model": "auth.permission", 
        "fields": {
            "codename": "change_errortype", 
            "name": "Can change error type", 
            "content_type": 10
        }
    }, 
    {
        "pk": 29, 
        "model": "auth.permission", 
        "fields": {
            "codename": "change_project", 
            "name": "Can change project", 
            "content_type": 10
        }
    }, 
    {
        "pk": 51, 
        "model": "auth.permission", 
        "fields": {
            "codename": "delete_errortype", 
            "name": "Can delete error type", 
            "content_type": 10
        }
    }, 
    {
        "pk": 30, 
        "model": "auth.permission", 
        "fields": {
            "codename": "delete_project", 
            "name": "Can delete project", 
            "content_type": 10
        }
    }, 
    {
        "pk": 64, 
        "model": "auth.permission", 
        "fields": {
            "codename": "add_question", 
            "name": "Can add question", 
            "content_type": 17
        }
    }, 
    {
        "pk": 65, 
        "model": "auth.permission", 
        "fields": {
            "codename": "change_question", 
            "name": "Can change question", 
            "content_type": 17
        }
    }, 
    {
        "pk": 66, 
        "model": "auth.permission", 
        "fields": {
            "codename": "delete_question", 
            "name": "Can delete question", 
            "content_type": 17
        }
    }, 
    {
        "pk": 58, 
        "model": "auth.permission", 
        "fields": {
            "codename": "add_questionnaire", 
            "name": "Can add questionnaire", 
            "content_type": 13
        }
    }, 
    {
        "pk": 59, 
        "model": "auth.permission", 
        "fields": {
            "codename": "change_questionnaire", 
            "name": "Can change questionnaire", 
            "content_type": 13
        }
    }, 
    {
        "pk": 60, 
        "model": "auth.permission", 
        "fields": {
            "codename": "delete_questionnaire", 
            "name": "Can delete questionnaire", 
            "content_type": 13
        }
    }, 
    {
        "pk": 55, 
        "model": "auth.permission", 
        "fields": {
            "codename": "add_role", 
            "name": "Can add role", 
            "content_type": 12
        }
    }, 
    {
        "pk": 34, 
        "model": "auth.permission", 
        "fields": {
            "codename": "add_uidstatus", 
            "name": "Can add uid status", 
            "content_type": 12
        }
    }, 
    {
        "pk": 56, 
        "model": "auth.permission", 
        "fields": {
            "codename": "change_role", 
            "name": "Can change role", 
            "content_type": 12
        }
    }, 
    {
        "pk": 35, 
        "model": "auth.permission", 
        "fields": {
            "codename": "change_uidstatus", 
            "name": "Can change uid status", 
            "content_type": 12
        }
    }, 
    {
        "pk": 57, 
        "model": "auth.permission", 
        "fields": {
            "codename": "delete_role", 
            "name": "Can delete role", 
            "content_type": 12
        }
    }, 
    {
        "pk": 36, 
        "model": "auth.permission", 
        "fields": {
            "codename": "delete_uidstatus", 
            "name": "Can delete uid status", 
            "content_type": 12
        }
    }, 
    {
        "pk": 43, 
        "model": "auth.permission", 
        "fields": {
            "codename": "add_uiderror", 
            "name": "Can add uid error", 
            "content_type": 15
        }
    }, 
    {
        "pk": 44, 
        "model": "auth.permission", 
        "fields": {
            "codename": "change_uiderror", 
            "name": "Can change uid error", 
            "content_type": 15
        }
    }, 
    {
        "pk": 45, 
        "model": "auth.permission", 
        "fields": {
            "codename": "delete_uiderror", 
            "name": "Can delete uid error", 
            "content_type": 15
        }
    }, 
    {
        "pk": 67, 
        "model": "auth.permission", 
        "fields": {
            "codename": "add_uidquestion", 
            "name": "Can add uid question", 
            "content_type": 18
        }
    }, 
    {
        "pk": 68, 
        "model": "auth.permission", 
        "fields": {
            "codename": "change_uidquestion", 
            "name": "Can change uid question", 
            "content_type": 18
        }
    }, 
    {
        "pk": 69, 
        "model": "auth.permission", 
        "fields": {
            "codename": "delete_uidquestion", 
            "name": "Can delete uid question", 
            "content_type": 18
        }
    }, 
    {
        "pk": 40, 
        "model": "auth.permission", 
        "fields": {
            "codename": "add_errortype", 
            "name": "Can add error type", 
            "content_type": 14
        }
    }, 
    {
        "pk": 61, 
        "model": "auth.permission", 
        "fields": {
            "codename": "add_uidstatus", 
            "name": "Can add UID status", 
            "content_type": 14
        }
    }, 
    {
        "pk": 41, 
        "model": "auth.permission", 
        "fields": {
            "codename": "change_errortype", 
            "name": "Can change error type", 
            "content_type": 14
        }
    }, 
    {
        "pk": 62, 
        "model": "auth.permission", 
        "fields": {
            "codename": "change_uidstatus", 
            "name": "Can change UID status", 
            "content_type": 14
        }
    }, 
    {
        "pk": 42, 
        "model": "auth.permission", 
        "fields": {
            "codename": "delete_errortype", 
            "name": "Can delete error type", 
            "content_type": 14
        }
    }, 
    {
        "pk": 63, 
        "model": "auth.permission", 
        "fields": {
            "codename": "delete_uidstatus", 
            "name": "Can delete UID status", 
            "content_type": 14
        }
    }, 
    {
        "pk": 16, 
        "model": "auth.permission", 
        "fields": {
            "codename": "add_session", 
            "name": "Can add session", 
            "content_type": 6
        }
    }, 
    {
        "pk": 17, 
        "model": "auth.permission", 
        "fields": {
            "codename": "change_session", 
            "name": "Can change session", 
            "content_type": 6
        }
    }, 
    {
        "pk": 18, 
        "model": "auth.permission", 
        "fields": {
            "codename": "delete_session", 
            "name": "Can delete session", 
            "content_type": 6
        }
    }, 
    {
        "pk": 19, 
        "model": "auth.permission", 
        "fields": {
            "codename": "add_site", 
            "name": "Can add site", 
            "content_type": 7
        }
    }, 
    {
        "pk": 20, 
        "model": "auth.permission", 
        "fields": {
            "codename": "change_site", 
            "name": "Can change site", 
            "content_type": 7
        }
    }, 
    {
        "pk": 21, 
        "model": "auth.permission", 
        "fields": {
            "codename": "delete_site", 
            "name": "Can delete site", 
            "content_type": 7
        }
    }, 
    {
        "pk": 25, 
        "model": "auth.permission", 
        "fields": {
            "codename": "add_migrationhistory", 
            "name": "Can add migration history", 
            "content_type": 9
        }
    }, 
    {
        "pk": 26, 
        "model": "auth.permission", 
        "fields": {
            "codename": "change_migrationhistory", 
            "name": "Can change migration history", 
            "content_type": 9
        }
    }, 
    {
        "pk": 27, 
        "model": "auth.permission", 
        "fields": {
            "codename": "delete_migrationhistory", 
            "name": "Can delete migration history", 
            "content_type": 9
        }
    }, 
    {
        "pk": 1, 
        "model": "auth.group", 
        "fields": {
            "name": "Managers", 
            "permissions": [
                28, 
                29, 
                30, 
                34, 
                35, 
                36, 
                43, 
                44, 
                45, 
                40, 
                41, 
                42
            ]
        }
    }, 
    {
        "pk": 1, 
        "model": "auth.user", 
        "fields": {
            "username": "rohan", 
            "first_name": "", 
            "last_name": "", 
            "is_active": true, 
            "is_superuser": true, 
            "is_staff": true, 
            "last_login": "2011-05-25 15:13:44", 
            "groups": [], 
            "user_permissions": [], 
            "password": "sha1$92605$13cedf835c4379b8fd5323c3b2c4212fd8faede0", 
            "email": "crodjer@gmail.com", 
            "date_joined": "2011-05-25 15:12:57"
        }
    }, 
    {
        "pk": 2, 
        "model": "auth.user", 
        "fields": {
            "username": "test", 
            "first_name": "Test", 
            "last_name": "User", 
            "is_active": true, 
            "is_superuser": false, 
            "is_staff": true, 
            "last_login": "2011-05-25 22:33:22", 
            "groups": [
                1
            ], 
            "user_permissions": [], 
            "password": "sha1$c0e87$de5e50ed9c0b411c8e56f08ebaf6868255442738", 
            "email": "test@example.com", 
            "date_joined": "2011-05-25 22:33:22"
        }
    }, 
    {
        "pk": 3, 
        "model": "auth.user", 
        "fields": {
            "username": "A", 
            "first_name": "", 
            "last_name": "", 
            "is_active": true, 
            "is_superuser": false, 
            "is_staff": false, 
            "last_login": "2011-05-25 23:48:11", 
            "groups": [], 
            "user_permissions": [], 
            "password": "sha1$8683c$f18ade37985bf29e4df93caabbcf1b279ec30a28", 
            "email": "", 
            "date_joined": "2011-05-25 23:48:11"
        }
    }, 
    {
        "pk": 4, 
        "model": "auth.user", 
        "fields": {
            "username": "B", 
            "first_name": "", 
            "last_name": "", 
            "is_active": true, 
            "is_superuser": false, 
            "is_staff": false, 
            "last_login": "2011-05-25 23:48:11", 
            "groups": [], 
            "user_permissions": [], 
            "password": "sha1$6ddf3$9a39765a84b4498774e07e23ce21535be9c0c640", 
            "email": "", 
            "date_joined": "2011-05-25 23:48:11"
        }
    }, 
    {
        "pk": 5, 
        "model": "auth.user", 
        "fields": {
            "username": "D", 
            "first_name": "", 
            "last_name": "", 
            "is_active": true, 
            "is_superuser": false, 
            "is_staff": false, 
            "last_login": "2011-05-25 23:48:11", 
            "groups": [], 
            "user_permissions": [], 
            "password": "sha1$cc91c$20bd1d9321b1427ed782cafca1e50155cff6ba1a", 
            "email": "", 
            "date_joined": "2011-05-25 23:48:11"
        }
    }, 
    {
        "pk": 6, 
        "model": "auth.user", 
        "fields": {
            "username": "H", 
            "first_name": "", 
            "last_name": "", 
            "is_active": true, 
            "is_superuser": false, 
            "is_staff": false, 
            "last_login": "2011-05-25 23:48:11", 
            "groups": [], 
            "user_permissions": [], 
            "password": "sha1$08ae4$2043417b7eea289fe90a3ef5c0233168ef059f31", 
            "email": "", 
            "date_joined": "2011-05-25 23:48:11"
        }
    }, 
    {
        "pk": 7, 
        "model": "auth.user", 
        "fields": {
            "username": "E", 
            "first_name": "", 
            "last_name": "", 
            "is_active": true, 
            "is_superuser": false, 
            "is_staff": false, 
            "last_login": "2011-05-25 23:48:12", 
            "groups": [], 
            "user_permissions": [], 
            "password": "sha1$9a83a$a1f0d917e67b73721938e5b56a77345ffede7564", 
            "email": "", 
            "date_joined": "2011-05-25 23:48:12"
        }
    }, 
    {
        "pk": 8, 
        "model": "auth.user", 
        "fields": {
            "username": "F", 
            "first_name": "", 
            "last_name": "", 
            "is_active": true, 
            "is_superuser": false, 
            "is_staff": false, 
            "last_login": "2011-05-25 23:48:12", 
            "groups": [], 
            "user_permissions": [], 
            "password": "sha1$7f4e6$157952ad0afd6b073f7d4890dfd8f1cbf7ab4294", 
            "email": "", 
            "date_joined": "2011-05-25 23:48:12"
        }
    }, 
    {
        "pk": 9, 
        "model": "auth.user", 
        "fields": {
            "username": "I", 
            "first_name": "", 
            "last_name": "", 
            "is_active": true, 
            "is_superuser": false, 
            "is_staff": false, 
            "last_login": "2011-05-25 23:48:12", 
            "groups": [], 
            "user_permissions": [], 
            "password": "sha1$d6212$0b01ff490fe29e95849f7df987e5670f8dc53269", 
            "email": "", 
            "date_joined": "2011-05-25 23:48:12"
        }
    }, 
    {
        "pk": 10, 
        "model": "auth.user", 
        "fields": {
            "username": "C", 
            "first_name": "", 
            "last_name": "", 
            "is_active": true, 
            "is_superuser": false, 
            "is_staff": false, 
            "last_login": "2011-05-25 23:48:12", 
            "groups": [], 
            "user_permissions": [], 
            "password": "sha1$3d963$153c6ed10e5e8276a4c8bccf8e8bc3ecac6bb02b", 
            "email": "", 
            "date_joined": "2011-05-25 23:48:12"
        }
    }, 
    {
        "pk": 11, 
        "model": "auth.user", 
        "fields": {
            "username": "G", 
            "first_name": "", 
            "last_name": "", 
            "is_active": true, 
            "is_superuser": false, 
            "is_staff": false, 
            "last_login": "2011-05-25 23:48:13", 
            "groups": [], 
            "user_permissions": [], 
            "password": "sha1$68835$39f4942f2ec7e8f5f18dba3eae02dfb089f06a8d", 
            "email": "", 
            "date_joined": "2011-05-25 23:48:13"
        }
    }, 
    {
        "pk": 12, 
        "model": "auth.user", 
        "fields": {
            "username": "J", 
            "first_name": "", 
            "last_name": "", 
            "is_active": true, 
            "is_superuser": false, 
            "is_staff": false, 
            "last_login": "2011-05-25 23:48:13", 
            "groups": [], 
            "user_permissions": [], 
            "password": "sha1$6c5c6$cbc62293c2e9664915a2923089aa0246778312e8", 
            "email": "", 
            "date_joined": "2011-05-25 23:48:13"
        }
    }, 
    {
        "pk": 13, 
        "model": "auth.user", 
        "fields": {
            "username": "K", 
            "first_name": "", 
            "last_name": "", 
            "is_active": true, 
            "is_superuser": false, 
            "is_staff": false, 
            "last_login": "2011-05-25 23:48:13", 
            "groups": [], 
            "user_permissions": [], 
            "password": "sha1$b8dba$e68aaecf63f0033f5091039d3a756f5b0d7321d8", 
            "email": "", 
            "date_joined": "2011-05-25 23:48:13"
        }
    }, 
    {
        "pk": 14, 
        "model": "auth.user", 
        "fields": {
            "username": "admin", 
            "first_name": "", 
            "last_name": "", 
            "is_active": true, 
            "is_superuser": true, 
            "is_staff": true, 
            "last_login": "2011-06-04 14:38:49", 
            "groups": [], 
            "user_permissions": [], 
            "password": "sha1$b5c1a$b81361180ccd8e61f1e46f87c54976f8a2a0cb8a", 
            "email": "admin@admin.com", 
            "date_joined": "2011-06-04 14:38:15"
        }
    }
]