[
    {
        "pk": 14, 
        "model": "contenttypes.contenttype", 
        "fields": {
            "model": "uidstatus", 
            "name": "UID status", 
            "app_label": "main"
        }
    }, 
    {
        "pk": 19, 
        "model": "contenttypes.contenttype", 
        "fields": {
            "model": "choice", 
            "name": "choice", 
            "app_label": "main"
        }
    }, 
    {
        "pk": 5, 
        "model": "contenttypes.contenttype", 
        "fields": {
            "model": "contenttype", 
            "name": "content type", 
            "app_label": "contenttypes"
        }
    }, 
    {
        "pk": 10, 
        "model": "contenttypes.contenttype", 
        "fields": {
            "model": "errortype", 
            "name": "error type", 
            "app_label": "main"
        }
    }, 
    {
        "pk": 2, 
        "model": "contenttypes.contenttype", 
        "fields": {
            "model": "group", 
            "name": "group", 
            "app_label": "auth"
        }
    }, 
    {
        "pk": 8, 
        "model": "contenttypes.contenttype", 
        "fields": {
            "model": "logentry", 
            "name": "log entry", 
            "app_label": "admin"
        }
    }, 
    {
        "pk": 4, 
        "model": "contenttypes.contenttype", 
        "fields": {
            "model": "message", 
            "name": "message", 
            "app_label": "auth"
        }
    }, 
    {
        "pk": 9, 
        "model": "contenttypes.contenttype", 
        "fields": {
            "model": "migrationhistory", 
            "name": "migration history", 
            "app_label": "south"
        }
    }, 
    {
        "pk": 16, 
        "model": "contenttypes.contenttype", 
        "fields": {
            "model": "objectpermission", 
            "name": "object permission", 
            "app_label": "accounts"
        }
    }, 
    {
        "pk": 1, 
        "model": "contenttypes.contenttype", 
        "fields": {
            "model": "permission", 
            "name": "permission", 
            "app_label": "auth"
        }
    }, 
    {
        "pk": 17, 
        "model": "contenttypes.contenttype", 
        "fields": {
            "model": "question", 
            "name": "question", 
            "app_label": "main"
        }
    }, 
    {
        "pk": 13, 
        "model": "contenttypes.contenttype", 
        "fields": {
            "model": "questionnaire", 
            "name": "questionnaire", 
            "app_label": "main"
        }
    }, 
    {
        "pk": 12, 
        "model": "contenttypes.contenttype", 
        "fields": {
            "model": "role", 
            "name": "role", 
            "app_label": "main"
        }
    }, 
    {
        "pk": 6, 
        "model": "contenttypes.contenttype", 
        "fields": {
            "model": "session", 
            "name": "session", 
            "app_label": "sessions"
        }
    }, 
    {
        "pk": 7, 
        "model": "contenttypes.contenttype", 
        "fields": {
            "model": "site", 
            "name": "site", 
            "app_label": "sites"
        }
    }, 
    {
        "pk": 15, 
        "model": "contenttypes.contenttype", 
        "fields": {
            "model": "uiderror", 
            "name": "uid error", 
            "app_label": "main"
        }
    }, 
    {
        "pk": 18, 
        "model": "contenttypes.contenttype", 
        "fields": {
            "model": "uidquestion", 
            "name": "uid question", 
            "app_label": "main"
        }
    }, 
    {
        "pk": 3, 
        "model": "contenttypes.contenttype", 
        "fields": {
            "model": "user", 
            "name": "user", 
            "app_label": "auth"
        }
    }, 
    {
        "pk": "6591581cc6f6cb626653d8dd1752319b", 
        "model": "sessions.session", 
        "fields": {
            "expire_date": "2011-06-18 14:38:49", 
            "session_data": "YTM4YmQ0Yzg5MGJkM2RhMWNjODM1MzIwNDEzNDc0YmJlOGFlYTc1MzqAAn1xAShVEl9hdXRoX3Vz\nZXJfYmFja2VuZHECVSlkamFuZ28uY29udHJpYi5hdXRoLmJhY2tlbmRzLk1vZGVsQmFja2VuZHED\nVQ1fYXV0aF91c2VyX2lkcQRLDnUu\n"
        }
    }, 
    {
        "pk": 2, 
        "model": "sites.site", 
        "fields": {
            "domain": "example.com", 
            "name": "Deploy"
        }
    }, 
    {
        "pk": 1, 
        "model": "sites.site", 
        "fields": {
            "domain": "localhost:8000", 
            "name": "Dev"
        }
    }, 
    {
        "pk": 23, 
        "model": "admin.logentry", 
        "fields": {
            "action_flag": 1, 
            "action_time": "2011-06-06 13:02:40", 
            "object_repr": "22341327", 
            "object_id": "4", 
            "change_message": "", 
            "user": 14, 
            "content_type": 14
        }
    }, 
    {
        "pk": 22, 
        "model": "admin.logentry", 
        "fields": {
            "action_flag": 1, 
            "action_time": "2011-06-06 12:12:47", 
            "object_repr": "Jhgfdsjvbjds", 
            "object_id": "3", 
            "change_message": "", 
            "user": 14, 
            "content_type": 17
        }
    }, 
    {
        "pk": 21, 
        "model": "admin.logentry", 
        "fields": {
            "action_flag": 2, 
            "action_time": "2011-06-06 12:03:01", 
            "object_repr": "Another Question", 
            "object_id": "2", 
            "change_message": "Changed name. Changed name for choice \"Option 1\". Changed name for choice \"Option 2\". Changed name for choice \"Option 3\".", 
            "user": 14, 
            "content_type": 17
        }
    }, 
    {
        "pk": 20, 
        "model": "admin.logentry", 
        "fields": {
            "action_flag": 2, 
            "action_time": "2011-06-06 00:07:41", 
            "object_repr": "Testqs", 
            "object_id": "1", 
            "change_message": "Changed users and error_types.", 
            "user": 14, 
            "content_type": 13
        }
    }, 
    {
        "pk": 19, 
        "model": "admin.logentry", 
        "fields": {
            "action_flag": 1, 
            "action_time": "2011-06-05 23:38:48", 
            "object_repr": "22341326", 
            "object_id": "3", 
            "change_message": "", 
            "user": 14, 
            "content_type": 14
        }
    }, 
    {
        "pk": 18, 
        "model": "admin.logentry", 
        "fields": {
            "action_flag": 1, 
            "action_time": "2011-06-05 23:37:55", 
            "object_repr": "22341325", 
            "object_id": "2", 
            "change_message": "", 
            "user": 14, 
            "content_type": 14
        }
    }, 
    {
        "pk": 17, 
        "model": "admin.logentry", 
        "fields": {
            "action_flag": 1, 
            "action_time": "2011-06-05 23:37:40", 
            "object_repr": "22341324", 
            "object_id": "1", 
            "change_message": "", 
            "user": 14, 
            "content_type": 14
        }
    }, 
    {
        "pk": 16, 
        "model": "admin.logentry", 
        "fields": {
            "action_flag": 2, 
            "action_time": "2011-06-04 21:06:11", 
            "object_repr": "A", 
            "object_id": "23", 
            "change_message": "Changed user.", 
            "user": 14, 
            "content_type": 12
        }
    }, 
    {
        "pk": 15, 
        "model": "admin.logentry", 
        "fields": {
            "action_flag": 1, 
            "action_time": "2011-06-04 18:39:34", 
            "object_repr": "Lol", 
            "object_id": "2", 
            "change_message": "", 
            "user": 14, 
            "content_type": 17
        }
    }, 
    {
        "pk": 14, 
        "model": "admin.logentry", 
        "fields": {
            "action_flag": 2, 
            "action_time": "2011-06-04 18:24:09", 
            "object_repr": "Child'S Age ?", 
            "object_id": "1", 
            "change_message": "Changed questionnaire.", 
            "user": 14, 
            "content_type": 17
        }
    }, 
    {
        "pk": 13, 
        "model": "admin.logentry", 
        "fields": {
            "action_flag": 1, 
            "action_time": "2011-06-04 17:28:50", 
            "object_repr": "Another Error Occuredf", 
            "object_id": "7", 
            "change_message": "", 
            "user": 14, 
            "content_type": 10
        }
    }, 
    {
        "pk": 12, 
        "model": "admin.logentry", 
        "fields": {
            "action_flag": 2, 
            "action_time": "2011-06-04 16:21:08", 
            "object_repr": "A", 
            "object_id": "1", 
            "change_message": "Changed user.", 
            "user": 14, 
            "content_type": 12
        }
    }, 
    {
        "pk": 11, 
        "model": "admin.logentry", 
        "fields": {
            "action_flag": 2, 
            "action_time": "2011-06-04 16:20:47", 
            "object_repr": "A", 
            "object_id": "23", 
            "change_message": "Changed user.", 
            "user": 14, 
            "content_type": 12
        }
    }, 
    {
        "pk": 10, 
        "model": "admin.logentry", 
        "fields": {
            "action_flag": 2, 
            "action_time": "2011-06-04 16:19:18", 
            "object_repr": "Balvani", 
            "object_id": "1", 
            "change_message": "Changed name.", 
            "user": 14, 
            "content_type": 13
        }
    }, 
    {
        "pk": 9, 
        "model": "admin.logentry", 
        "fields": {
            "action_flag": 2, 
            "action_time": "2011-06-04 16:19:02", 
            "object_repr": "Testqs", 
            "object_id": "1", 
            "change_message": "Changed error_types and questions.", 
            "user": 14, 
            "content_type": 13
        }
    }, 
    {
        "pk": 8, 
        "model": "admin.logentry", 
        "fields": {
            "action_flag": 1, 
            "action_time": "2011-06-04 16:18:47", 
            "object_repr": "Another Error Occured", 
            "object_id": "6", 
            "change_message": "", 
            "user": 14, 
            "content_type": 10
        }
    }, 
    {
        "pk": 7, 
        "model": "admin.logentry", 
        "fields": {
            "action_flag": 1, 
            "action_time": "2011-06-04 16:18:35", 
            "object_repr": "Child Passed Out From School", 
            "object_id": "5", 
            "change_message": "", 
            "user": 14, 
            "content_type": 10
        }
    }, 
    {
        "pk": 6, 
        "model": "admin.logentry", 
        "fields": {
            "action_flag": 1, 
            "action_time": "2011-06-04 16:18:08", 
            "object_repr": "New Address Is Unknown", 
            "object_id": "4", 
            "change_message": "", 
            "user": 14, 
            "content_type": 10
        }
    }, 
    {
        "pk": 5, 
        "model": "admin.logentry", 
        "fields": {
            "action_flag": 1, 
            "action_time": "2011-06-04 16:17:52", 
            "object_repr": "What Is New Address ?", 
            "object_id": "3", 
            "change_message": "", 
            "user": 14, 
            "content_type": 10
        }
    }, 
    {
        "pk": 4, 
        "model": "admin.logentry", 
        "fields": {
            "action_flag": 1, 
            "action_time": "2011-06-04 16:17:28", 
            "object_repr": "Address Got Changed", 
            "object_id": "2", 
            "change_message": "", 
            "user": 14, 
            "content_type": 10
        }
    }, 
    {
        "pk": 3, 
        "model": "admin.logentry", 
        "fields": {
            "action_flag": 1, 
            "action_time": "2011-06-04 16:17:08", 
            "object_repr": "Child Was Not Available", 
            "object_id": "1", 
            "change_message": "", 
            "user": 14, 
            "content_type": 10
        }
    }, 
    {
        "pk": 2, 
        "model": "admin.logentry", 
        "fields": {
            "action_flag": 2, 
            "action_time": "2011-06-04 15:42:25", 
            "object_repr": "A", 
            "object_id": "1", 
            "change_message": "Changed user.", 
            "user": 14, 
            "content_type": 12
        }
    }, 
    {
        "pk": 1, 
        "model": "admin.logentry", 
        "fields": {
            "action_flag": 1, 
            "action_time": "2011-06-04 15:18:48", 
            "object_repr": "Child'S Age ?", 
            "object_id": "1", 
            "change_message": "", 
            "user": 14, 
            "content_type": 17
        }
    }, 
    {
        "pk": 1, 
        "model": "main.errortype", 
        "fields": {
            "rght": 10, 
            "name": "Child was not available", 
            "parent": null, 
            "level": 0, 
            "lft": 1, 
            "tree_id": 3
        }
    }, 
    {
        "pk": 2, 
        "model": "main.errortype", 
        "fields": {
            "rght": 7, 
            "name": "Address got changed", 
            "parent": 1, 
            "level": 1, 
            "lft": 2, 
            "tree_id": 3
        }
    }, 
    {
        "pk": 3, 
        "model": "main.errortype", 
        "fields": {
            "rght": 6, 
            "name": "What is new address ?", 
            "parent": 2, 
            "level": 2, 
            "lft": 5, 
            "tree_id": 3
        }
    }, 
    {
        "pk": 4, 
        "model": "main.errortype", 
        "fields": {
            "rght": 4, 
            "name": "New Address is unknown", 
            "parent": 2, 
            "level": 2, 
            "lft": 3, 
            "tree_id": 3
        }
    }, 
    {
        "pk": 5, 
        "model": "main.errortype", 
        "fields": {
            "rght": 9, 
            "name": "Child passed out from school", 
            "parent": 1, 
            "level": 1, 
            "lft": 8, 
            "tree_id": 3
        }
    }, 
    {
        "pk": 6, 
        "model": "main.errortype", 
        "fields": {
            "rght": 2, 
            "name": "Another error occured", 
            "parent": null, 
            "level": 0, 
            "lft": 1, 
            "tree_id": 1
        }
    }, 
    {
        "pk": 7, 
        "model": "main.errortype", 
        "fields": {
            "rght": 2, 
            "name": "Another error occuredf", 
            "parent": null, 
            "level": 0, 
            "lft": 1, 
            "tree_id": 2
        }
    }, 
    {
        "pk": 1, 
        "model": "main.role", 
        "fields": {
            "rght": 22, 
            "head": null, 
            "name": "A", 
            "level": 0, 
            "lft": 1, 
            "user": 2, 
            "tree_id": 1
        }
    }, 
    {
        "pk": 2, 
        "model": "main.role", 
        "fields": {
            "rght": 13, 
            "head": 1, 
            "name": "B", 
            "level": 1, 
            "lft": 2, 
            "user": 4, 
            "tree_id": 1
        }
    }, 
    {
        "pk": 3, 
        "model": "main.role", 
        "fields": {
            "rght": 6, 
            "head": 2, 
            "name": "D", 
            "level": 2, 
            "lft": 3, 
            "user": 5, 
            "tree_id": 1
        }
    }, 
    {
        "pk": 4, 
        "model": "main.role", 
        "fields": {
            "rght": 5, 
            "head": 3, 
            "name": "H", 
            "level": 3, 
            "lft": 4, 
            "user": 6, 
            "tree_id": 1
        }
    }, 
    {
        "pk": 5, 
        "model": "main.role", 
        "fields": {
            "rght": 8, 
            "head": 2, 
            "name": "E", 
            "level": 2, 
            "lft": 7, 
            "user": 7, 
            "tree_id": 1
        }
    }, 
    {
        "pk": 6, 
        "model": "main.role", 
        "fields": {
            "rght": 12, 
            "head": 2, 
            "name": "F", 
            "level": 2, 
            "lft": 9, 
            "user": 8, 
            "tree_id": 1
        }
    }, 
    {
        "pk": 7, 
        "model": "main.role", 
        "fields": {
            "rght": 11, 
            "head": 6, 
            "name": "I", 
            "level": 3, 
            "lft": 10, 
            "user": 9, 
            "tree_id": 1
        }
    }, 
    {
        "pk": 8, 
        "model": "main.role", 
        "fields": {
            "rght": 21, 
            "head": 1, 
            "name": "C", 
            "level": 1, 
            "lft": 14, 
            "user": 10, 
            "tree_id": 1
        }
    }, 
    {
        "pk": 9, 
        "model": "main.role", 
        "fields": {
            "rght": 20, 
            "head": 8, 
            "name": "G", 
            "level": 2, 
            "lft": 15, 
            "user": 11, 
            "tree_id": 1
        }
    }, 
    {
        "pk": 10, 
        "model": "main.role", 
        "fields": {
            "rght": 17, 
            "head": 9, 
            "name": "J", 
            "level": 3, 
            "lft": 16, 
            "user": 12, 
            "tree_id": 1
        }
    }, 
    {
        "pk": 11, 
        "model": "main.role", 
        "fields": {
            "rght": 19, 
            "head": 9, 
            "name": "K", 
            "level": 3, 
            "lft": 18, 
            "user": 13, 
            "tree_id": 1
        }
    }, 
    {
        "pk": 12, 
        "model": "main.role", 
        "fields": {
            "rght": 22, 
            "head": null, 
            "name": "A", 
            "level": 0, 
            "lft": 1, 
            "user": 2, 
            "tree_id": 2
        }
    }, 
    {
        "pk": 13, 
        "model": "main.role", 
        "fields": {
            "rght": 13, 
            "head": 12, 
            "name": "B", 
            "level": 1, 
            "lft": 2, 
            "user": 4, 
            "tree_id": 2
        }
    }, 
    {
        "pk": 14, 
        "model": "main.role", 
        "fields": {
            "rght": 6, 
            "head": 13, 
            "name": "D", 
            "level": 2, 
            "lft": 3, 
            "user": 5, 
            "tree_id": 2
        }
    }, 
    {
        "pk": 15, 
        "model": "main.role", 
        "fields": {
            "rght": 5, 
            "head": 14, 
            "name": "H", 
            "level": 3, 
            "lft": 4, 
            "user": 6, 
            "tree_id": 2
        }
    }, 
    {
        "pk": 16, 
        "model": "main.role", 
        "fields": {
            "rght": 8, 
            "head": 13, 
            "name": "E", 
            "level": 2, 
            "lft": 7, 
            "user": 7, 
            "tree_id": 2
        }
    }, 
    {
        "pk": 17, 
        "model": "main.role", 
        "fields": {
            "rght": 12, 
            "head": 13, 
            "name": "F", 
            "level": 2, 
            "lft": 9, 
            "user": 8, 
            "tree_id": 2
        }
    }, 
    {
        "pk": 18, 
        "model": "main.role", 
        "fields": {
            "rght": 11, 
            "head": 17, 
            "name": "I", 
            "level": 3, 
            "lft": 10, 
            "user": 9, 
            "tree_id": 2
        }
    }, 
    {
        "pk": 19, 
        "model": "main.role", 
        "fields": {
            "rght": 21, 
            "head": 12, 
            "name": "C", 
            "level": 1, 
            "lft": 14, 
            "user": 10, 
            "tree_id": 2
        }
    }, 
    {
        "pk": 20, 
        "model": "main.role", 
        "fields": {
            "rght": 20, 
            "head": 19, 
            "name": "G", 
            "level": 2, 
            "lft": 15, 
            "user": 11, 
            "tree_id": 2
        }
    }, 
    {
        "pk": 21, 
        "model": "main.role", 
        "fields": {
            "rght": 17, 
            "head": 20, 
            "name": "J", 
            "level": 3, 
            "lft": 16, 
            "user": 12, 
            "tree_id": 2
        }
    }, 
    {
        "pk": 22, 
        "model": "main.role", 
        "fields": {
            "rght": 19, 
            "head": 20, 
            "name": "K", 
            "level": 3, 
            "lft": 18, 
            "user": 13, 
            "tree_id": 2
        }
    }, 
    {
        "pk": 23, 
        "model": "main.role", 
        "fields": {
            "rght": 22, 
            "head": null, 
            "name": "A", 
            "level": 0, 
            "lft": 1, 
            "user": 14, 
            "tree_id": 3
        }
    }, 
    {
        "pk": 24, 
        "model": "main.role", 
        "fields": {
            "rght": 13, 
            "head": 23, 
            "name": "B", 
            "level": 1, 
            "lft": 2, 
            "user": 4, 
            "tree_id": 3
        }
    }, 
    {
        "pk": 25, 
        "model": "main.role", 
        "fields": {
            "rght": 6, 
            "head": 24, 
            "name": "D", 
            "level": 2, 
            "lft": 3, 
            "user": 5, 
            "tree_id": 3
        }
    }, 
    {
        "pk": 26, 
        "model": "main.role", 
        "fields": {
            "rght": 5, 
            "head": 25, 
            "name": "H", 
            "level": 3, 
            "lft": 4, 
            "user": 6, 
            "tree_id": 3
        }
    }, 
    {
        "pk": 27, 
        "model": "main.role", 
        "fields": {
            "rght": 8, 
            "head": 24, 
            "name": "E", 
            "level": 2, 
            "lft": 7, 
            "user": 7, 
            "tree_id": 3
        }
    }, 
    {
        "pk": 28, 
        "model": "main.role", 
        "fields": {
            "rght": 12, 
            "head": 24, 
            "name": "F", 
            "level": 2, 
            "lft": 9, 
            "user": 8, 
            "tree_id": 3
        }
    }, 
    {
        "pk": 29, 
        "model": "main.role", 
        "fields": {
            "rght": 11, 
            "head": 28, 
            "name": "I", 
            "level": 3, 
            "lft": 10, 
            "user": 9, 
            "tree_id": 3
        }
    }, 
    {
        "pk": 30, 
        "model": "main.role", 
        "fields": {
            "rght": 21, 
            "head": 23, 
            "name": "C", 
            "level": 1, 
            "lft": 14, 
            "user": 10, 
            "tree_id": 3
        }
    }, 
    {
        "pk": 31, 
        "model": "main.role", 
        "fields": {
            "rght": 20, 
            "head": 30, 
            "name": "G", 
            "level": 2, 
            "lft": 15, 
            "user": 11, 
            "tree_id": 3
        }
    }, 
    {
        "pk": 32, 
        "model": "main.role", 
        "fields": {
            "rght": 17, 
            "head": 31, 
            "name": "J", 
            "level": 3, 
            "lft": 16, 
            "user": 12, 
            "tree_id": 3
        }
    }, 
    {
        "pk": 33, 
        "model": "main.role", 
        "fields": {
            "rght": 19, 
            "head": 31, 
            "name": "K", 
            "level": 3, 
            "lft": 18, 
            "user": 13, 
            "tree_id": 3
        }
    }, 
    {
        "pk": 1, 
        "model": "main.questionnaire", 
        "fields": {
            "hierarchy": 23, 
            "error_types": [
                1, 
                6, 
                7
            ], 
            "name": "TestQs", 
            "users": [
                1, 
                2, 
                3, 
                4, 
                5, 
                6, 
                7, 
                8, 
                9, 
                10, 
                11, 
                12, 
                13, 
                14
            ]
        }
    }, 
    {
        "pk": 1, 
        "model": "main.question", 
        "fields": {
            "questionnaire": 1, 
            "name": "Child's Age ?"
        }
    }, 
    {
        "pk": 2, 
        "model": "main.question", 
        "fields": {
            "questionnaire": 1, 
            "name": "Another question"
        }
    }, 
    {
        "pk": 3, 
        "model": "main.question", 
        "fields": {
            "questionnaire": 1, 
            "name": "jhgfdsjvbjds"
        }
    }, 
    {
        "pk": 1, 
        "model": "main.choice", 
        "fields": {
            "question": 1, 
            "name": "3"
        }
    }, 
    {
        "pk": 2, 
        "model": "main.choice", 
        "fields": {
            "question": 1, 
            "name": "4"
        }
    }, 
    {
        "pk": 3, 
        "model": "main.choice", 
        "fields": {
            "question": 1, 
            "name": "5"
        }
    }, 
    {
        "pk": 4, 
        "model": "main.choice", 
        "fields": {
            "question": 1, 
            "name": "6"
        }
    }, 
    {
        "pk": 5, 
        "model": "main.choice", 
        "fields": {
            "question": 2, 
            "name": "option 1"
        }
    }, 
    {
        "pk": 6, 
        "model": "main.choice", 
        "fields": {
            "question": 2, 
            "name": "option 2"
        }
    }, 
    {
        "pk": 7, 
        "model": "main.choice", 
        "fields": {
            "question": 2, 
            "name": "option 3"
        }
    }, 
    {
        "pk": 8, 
        "model": "main.choice", 
        "fields": {
            "question": 3, 
            "name": "hbikh"
        }
    }, 
    {
        "pk": 9, 
        "model": "main.choice", 
        "fields": {
            "question": 3, 
            "name": "hh"
        }
    }, 
    {
        "pk": 1, 
        "model": "main.uidstatus", 
        "fields": {
            "extra_details": "", 
            "uid": "22341324", 
            "role": 26, 
            "date": "2011-06-04", 
            "questionnaire": 1, 
            "completer": null
        }
    }, 
    {
        "pk": 2, 
        "model": "main.uidstatus", 
        "fields": {
            "extra_details": "", 
            "uid": "22341325", 
            "role": 4, 
            "date": null, 
            "questionnaire": 1, 
            "completer": null
        }
    }, 
    {
        "pk": 3, 
        "model": "main.uidstatus", 
        "fields": {
            "extra_details": "", 
            "uid": "22341326", 
            "role": 26, 
            "date": "2011-06-04", 
            "questionnaire": 1, 
            "completer": null
        }
    }, 
    {
        "pk": 4, 
        "model": "main.uidstatus", 
        "fields": {
            "extra_details": "", 
            "uid": "22341327", 
            "role": 26, 
            "date": "2011-06-04", 
            "questionnaire": 1, 
            "completer": null
        }
    }, 
    {
        "pk": 1, 
        "model": "south.migrationhistory", 
        "fields": {
            "applied": "2011-06-03 11:49:16", 
            "app_name": "main", 
            "migration": "0001_initial"
        }
    }, 
    {
        "pk": 2, 
        "model": "south.migrationhistory", 
        "fields": {
            "applied": "2011-06-03 11:49:17", 
            "app_name": "main", 
            "migration": "0002_auto__add_person"
        }
    }, 
    {
        "pk": 3, 
        "model": "south.migrationhistory", 
        "fields": {
            "applied": "2011-06-03 11:49:17", 
            "app_name": "main", 
            "migration": "0003_auto__chg_field_person_supervisor"
        }
    }, 
    {
        "pk": 4, 
        "model": "south.migrationhistory", 
        "fields": {
            "applied": "2011-06-03 11:49:18", 
            "app_name": "main", 
            "migration": "0004_auto__add_idstatus__del_field_person_supervisor__add_field_person_head"
        }
    }, 
    {
        "pk": 5, 
        "model": "south.migrationhistory", 
        "fields": {
            "applied": "2011-06-03 11:49:20", 
            "app_name": "main", 
            "migration": "0005_auto__del_idstatus__del_person__add_project__add_error__add_role__add_"
        }
    }, 
    {
        "pk": 6, 
        "model": "south.migrationhistory", 
        "fields": {
            "applied": "2011-06-03 11:49:21", 
            "app_name": "main", 
            "migration": "0006_auto__add_field_error_details"
        }
    }, 
    {
        "pk": 7, 
        "model": "south.migrationhistory", 
        "fields": {
            "applied": "2011-06-03 11:49:22", 
            "app_name": "main", 
            "migration": "0007_auto__del_error__add_errortype__add_field_uidstatus_error__add_field_u"
        }
    }, 
    {
        "pk": 8, 
        "model": "south.migrationhistory", 
        "fields": {
            "applied": "2011-06-03 11:49:23", 
            "app_name": "main", 
            "migration": "0008_auto__add_uiderror__del_field_uidstatus_details__del_field_uidstatus_e"
        }
    }, 
    {
        "pk": 9, 
        "model": "south.migrationhistory", 
        "fields": {
            "applied": "2011-06-03 11:49:24", 
            "app_name": "main", 
            "migration": "0009_auto"
        }
    }, 
    {
        "pk": 10, 
        "model": "south.migrationhistory", 
        "fields": {
            "applied": "2011-06-03 11:49:24", 
            "app_name": "main", 
            "migration": "0010_auto__add_field_role_user"
        }
    }, 
    {
        "pk": 11, 
        "model": "south.migrationhistory", 
        "fields": {
            "applied": "2011-06-03 11:49:25", 
            "app_name": "main", 
            "migration": "0011_auto"
        }
    }, 
    {
        "pk": 12, 
        "model": "south.migrationhistory", 
        "fields": {
            "applied": "2011-06-03 11:49:25", 
            "app_name": "main", 
            "migration": "0012_auto"
        }
    }, 
    {
        "pk": 13, 
        "model": "south.migrationhistory", 
        "fields": {
            "applied": "2011-06-03 11:49:26", 
            "app_name": "main", 
            "migration": "0013_auto__add_field_uidstatus_role"
        }
    }, 
    {
        "pk": 14, 
        "model": "south.migrationhistory", 
        "fields": {
            "applied": "2011-06-03 11:49:26", 
            "app_name": "main", 
            "migration": "0014_auto__chg_field_uidstatus_role"
        }
    }, 
    {
        "pk": 15, 
        "model": "south.migrationhistory", 
        "fields": {
            "applied": "2011-06-03 11:49:27", 
            "app_name": "main", 
            "migration": "0015_auto__add_field_uidstatus_completer"
        }
    }, 
    {
        "pk": 16, 
        "model": "south.migrationhistory", 
        "fields": {
            "applied": "2011-06-03 11:49:28", 
            "app_name": "main", 
            "migration": "0016_auto__add_field_project_hierarchy__del_field_role_project"
        }
    }, 
    {
        "pk": 17, 
        "model": "south.migrationhistory", 
        "fields": {
            "applied": "2011-06-03 11:49:29", 
            "app_name": "main", 
            "migration": "0017_auto__chg_field_project_hierarchy__add_unique_project_hierarchy"
        }
    }, 
    {
        "pk": 18, 
        "model": "south.migrationhistory", 
        "fields": {
            "applied": "2011-06-03 11:49:29", 
            "app_name": "main", 
            "migration": "0018_auto__add_field_uidstatus_date"
        }
    }, 
    {
        "pk": 19, 
        "model": "south.migrationhistory", 
        "fields": {
            "applied": "2011-06-03 11:49:32", 
            "app_name": "main", 
            "migration": "0019_auto__del_project__add_questionnaire__add_confirmationquestion__del_fi"
        }
    }, 
    {
        "pk": 20, 
        "model": "south.migrationhistory", 
        "fields": {
            "applied": "2011-06-03 11:49:35", 
            "app_name": "accounts", 
            "migration": "0001_initial"
        }
    }, 
    {
        "pk": 21, 
        "model": "south.migrationhistory", 
        "fields": {
            "applied": "2011-06-03 11:49:36", 
            "app_name": "accounts", 
            "migration": "0002_auto__del_field_objectpermission_object_id__add_field_objectpermission"
        }
    }, 
    {
        "pk": 22, 
        "model": "south.migrationhistory", 
        "fields": {
            "applied": "2011-06-03 11:49:36", 
            "app_name": "accounts", 
            "migration": "0003_auto__chg_field_objectpermission_object_pk"
        }
    }, 
    {
        "pk": 23, 
        "model": "south.migrationhistory", 
        "fields": {
            "applied": "2011-06-04 06:50:54", 
            "app_name": "main", 
            "migration": "0020_auto__del_confirmationquestion__add_question__add_uidquestion"
        }
    }, 
    {
        "pk": 24, 
        "model": "south.migrationhistory", 
        "fields": {
            "applied": "2011-06-04 08:53:29", 
            "app_name": "main", 
            "migration": "0021_auto__add_choice__del_field_question_lft__del_field_question_parent__d"
        }
    }, 
    {
        "pk": 25, 
        "model": "south.migrationhistory", 
        "fields": {
            "applied": "2011-06-04 12:48:02", 
            "app_name": "main", 
            "migration": "0022_auto__add_field_question_questionnaire"
        }
    }, 
    {
        "pk": 26, 
        "model": "south.migrationhistory", 
        "fields": {
            "applied": "2011-06-06 08:55:13", 
            "app_name": "main", 
            "migration": "0023_add_extra_details"
        }
    }, 
    {
        "pk": 46, 
        "model": "auth.permission", 
        "fields": {
            "codename": "add_objectpermission", 
            "name": "Can add object permission", 
            "content_type": 16
        }
    }, 
    {
        "pk": 47, 
        "model": "auth.permission", 
        "fields": {
            "codename": "change_objectpermission", 
            "name": "Can change object permission", 
            "content_type": 16
        }
    }, 
    {
        "pk": 48, 
        "model": "auth.permission", 
        "fields": {
            "codename": "delete_objectpermission", 
            "name": "Can delete object permission", 
            "content_type": 16
        }
    }, 
    {
        "pk": 22, 
        "model": "auth.permission", 
        "fields": {
            "codename": "add_logentry", 
            "name": "Can add log entry", 
            "content_type": 8
        }
    }, 
    {
        "pk": 23, 
        "model": "auth.permission", 
        "fields": {
            "codename": "change_logentry", 
            "name": "Can change log entry", 
            "content_type": 8
        }
    }, 
    {
        "pk": 24, 
        "model": "auth.permission", 
        "fields": {
            "codename": "delete_logentry", 
            "name": "Can delete log entry", 
            "content_type": 8
        }
    }, 
    {
        "pk": 4, 
        "model": "auth.permission", 
        "fields": {
            "codename": "add_group", 
            "name": "Can add group", 
            "content_type": 2
        }
    }, 
    {
        "pk": 5, 
        "model": "auth.permission", 
        "fields": {
            "codename": "change_group", 
            "name": "Can change group", 
            "content_type": 2
        }
    }, 
    {
        "pk": 6, 
        "model": "auth.permission", 
        "fields": {
            "codename": "delete_group", 
            "name": "Can delete group", 
            "content_type": 2
        }
    }, 
    {
        "pk": 10, 
        "model": "auth.permission", 
        "fields": {
            "codename": "add_message", 
            "name": "Can add message", 
            "content_type": 4
        }
    }, 
    {
        "pk": 11, 
        "model": "auth.permission", 
        "fields": {
            "codename": "change_message", 
            "name": "Can change message", 
            "content_type": 4
        }
    }, 
    {
        "pk": 12, 
        "model": "auth.permission", 
        "fields": {
            "codename": "delete_message", 
            "name": "Can delete message", 
            "content_type": 4
        }
    }, 
    {
        "pk": 1, 
        "model": "auth.permission", 
        "fields": {
            "codename": "add_permission", 
            "name": "Can add permission", 
            "content_type": 1
        }
    }, 
    {
        "pk": 2, 
        "model": "auth.permission", 
        "fields": {
            "codename": "change_permission", 
            "name": "Can change permission", 
            "content_type": 1
        }
    }, 
    {
        "pk": 3, 
        "model": "auth.permission", 
        "fields": {
            "codename": "delete_permission", 
            "name": "Can delete permission", 
            "content_type": 1
        }
    }, 
    {
        "pk": 7, 
        "model": "auth.permission", 
        "fields": {
            "codename": "add_user", 
            "name": "Can add user", 
            "content_type": 3
        }
    }, 
    {
        "pk": 8, 
        "model": "auth.permission", 
        "fields": {
            "codename": "change_user", 
            "name": "Can change user", 
            "content_type": 3
        }
    }, 
    {
        "pk": 9, 
        "model": "auth.permission", 
        "fields": {
            "codename": "delete_user", 
            "name": "Can delete user", 
            "content_type": 3
        }
    }, 
    {
        "pk": 13, 
        "model": "auth.permission", 
        "fields": {
            "codename": "add_contenttype", 
            "name": "Can add content type", 
            "content_type": 5
        }
    }, 
    {
        "pk": 14, 
        "model": "auth.permission", 
        "fields": {
            "codename": "change_contenttype", 
            "name": "Can change content type", 
            "content_type": 5
        }
    }, 
    {
        "pk": 15, 
        "model": "auth.permission", 
        "fields": {
            "codename": "delete_contenttype", 
            "name": "Can delete content type", 
            "content_type": 5
        }
    }, 
    {
        "pk": 70, 
        "model": "auth.permission", 
        "fields": {
            "codename": "add_choice", 
            "name": "Can add choice", 
            "content_type": 19
        }
    }, 
    {
        "pk": 71, 
        "model": "auth.permission", 
        "fields": {
            "codename": "change_choice", 
            "name": "Can change choice", 
            "content_type": 19
        }
    }, 
    {
        "pk": 72, 
        "model": "auth.permission", 
        "fields": {
            "codename": "delete_choice", 
            "name": "Can delete choice", 
            "content_type": 19
        }
    }, 
    {
        "pk": 49, 
        "model": "auth.permission", 
        "fields": {
            "codename": "add_errortype", 
            "name": "Can add error type", 
            "content_type": 10
        }
    }, 
    {
        "pk": 28, 
        "model": "auth.permission", 
        "fields": {
            "codename": "add_project", 
            "name": "Can add project", 
            "content_type": 10
        }
    }, 
    {
        "pk": 50, 
        "model": "auth.permission", 
        "fields": {
            "codename": "change_errortype", 
            "name": "Can change error type", 
            "content_type": 10
        }
    }, 
    {
        "pk": 29, 
        "model": "auth.permission", 
        "fields": {
            "codename": "change_project", 
            "name": "Can change project", 
            "content_type": 10
        }
    }, 
    {
        "pk": 51, 
        "model": "auth.permission", 
        "fields": {
            "codename": "delete_errortype", 
            "name": "Can delete error type", 
            "content_type": 10
        }
    }, 
    {
        "pk": 30, 
        "model": "auth.permission", 
        "fields": {
            "codename": "delete_project", 
            "name": "Can delete project", 
            "content_type": 10
        }
    }, 
    {
        "pk": 64, 
        "model": "auth.permission", 
        "fields": {
            "codename": "add_question", 
            "name": "Can add question", 
            "content_type": 17
        }
    }, 
    {
        "pk": 65, 
        "model": "auth.permission", 
        "fields": {
            "codename": "change_question", 
            "name": "Can change question", 
            "content_type": 17
        }
    }, 
    {
        "pk": 66, 
        "model": "auth.permission", 
        "fields": {
            "codename": "delete_question", 
            "name": "Can delete question", 
            "content_type": 17
        }
    }, 
    {
        "pk": 58, 
        "model": "auth.permission", 
        "fields": {
            "codename": "add_questionnaire", 
            "name": "Can add questionnaire", 
            "content_type": 13
        }
    }, 
    {
        "pk": 59, 
        "model": "auth.permission", 
        "fields": {
            "codename": "change_questionnaire", 
            "name": "Can change questionnaire", 
            "content_type": 13
        }
    }, 
    {
        "pk": 60, 
        "model": "auth.permission", 
        "fields": {
            "codename": "delete_questionnaire", 
            "name": "Can delete questionnaire", 
            "content_type": 13
        }
    }, 
    {
        "pk": 55, 
        "model": "auth.permission", 
        "fields": {
            "codename": "add_role", 
            "name": "Can add role", 
            "content_type": 12
        }
    }, 
    {
        "pk": 34, 
        "model": "auth.permission", 
        "fields": {
            "codename": "add_uidstatus", 
            "name": "Can add uid status", 
            "content_type": 12
        }
    }, 
    {
        "pk": 56, 
        "model": "auth.permission", 
        "fields": {
            "codename": "change_role", 
            "name": "Can change role", 
            "content_type": 12
        }
    }, 
    {
        "pk": 35, 
        "model": "auth.permission", 
        "fields": {
            "codename": "change_uidstatus", 
            "name": "Can change uid status", 
            "content_type": 12
        }
    }, 
    {
        "pk": 57, 
        "model": "auth.permission", 
        "fields": {
            "codename": "delete_role", 
            "name": "Can delete role", 
            "content_type": 12
        }
    }, 
    {
        "pk": 36, 
        "model": "auth.permission", 
        "fields": {
            "codename": "delete_uidstatus", 
            "name": "Can delete uid status", 
            "content_type": 12
        }
    }, 
    {
        "pk": 43, 
        "model": "auth.permission", 
        "fields": {
            "codename": "add_uiderror", 
            "name": "Can add uid error", 
            "content_type": 15
        }
    }, 
    {
        "pk": 44, 
        "model": "auth.permission", 
        "fields": {
            "codename": "change_uiderror", 
            "name": "Can change uid error", 
            "content_type": 15
        }
    }, 
    {
        "pk": 45, 
        "model": "auth.permission", 
        "fields": {
            "codename": "delete_uiderror", 
            "name": "Can delete uid error", 
            "content_type": 15
        }
    }, 
    {
        "pk": 67, 
        "model": "auth.permission", 
        "fields": {
            "codename": "add_uidquestion", 
            "name": "Can add uid question", 
            "content_type": 18
        }
    }, 
    {
        "pk": 68, 
        "model": "auth.permission", 
        "fields": {
            "codename": "change_uidquestion", 
            "name": "Can change uid question", 
            "content_type": 18
        }
    }, 
    {
        "pk": 69, 
        "model": "auth.permission", 
        "fields": {
            "codename": "delete_uidquestion", 
            "name": "Can delete uid question", 
            "content_type": 18
        }
    }, 
    {
        "pk": 40, 
        "model": "auth.permission", 
        "fields": {
            "codename": "add_errortype", 
            "name": "Can add error type", 
            "content_type": 14
        }
    }, 
    {
        "pk": 61, 
        "model": "auth.permission", 
        "fields": {
            "codename": "add_uidstatus", 
            "name": "Can add UID status", 
            "content_type": 14
        }
    }, 
    {
        "pk": 41, 
        "model": "auth.permission", 
        "fields": {
            "codename": "change_errortype", 
            "name": "Can change error type", 
            "content_type": 14
        }
    }, 
    {
        "pk": 62, 
        "model": "auth.permission", 
        "fields": {
            "codename": "change_uidstatus", 
            "name": "Can change UID status", 
            "content_type": 14
        }
    }, 
    {
        "pk": 42, 
        "model": "auth.permission", 
        "fields": {
            "codename": "delete_errortype", 
            "name": "Can delete error type", 
            "content_type": 14
        }
    }, 
    {
        "pk": 63, 
        "model": "auth.permission", 
        "fields": {
            "codename": "delete_uidstatus", 
            "name": "Can delete UID status", 
            "content_type": 14
        }
    }, 
    {
        "pk": 16, 
        "model": "auth.permission", 
        "fields": {
            "codename": "add_session", 
            "name": "Can add session", 
            "content_type": 6
        }
    }, 
    {
        "pk": 17, 
        "model": "auth.permission", 
        "fields": {
            "codename": "change_session", 
            "name": "Can change session", 
            "content_type": 6
        }
    }, 
    {
        "pk": 18, 
        "model": "auth.permission", 
        "fields": {
            "codename": "delete_session", 
            "name": "Can delete session", 
            "content_type": 6
        }
    }, 
    {
        "pk": 19, 
        "model": "auth.permission", 
        "fields": {
            "codename": "add_site", 
            "name": "Can add site", 
            "content_type": 7
        }
    }, 
    {
        "pk": 20, 
        "model": "auth.permission", 
        "fields": {
            "codename": "change_site", 
            "name": "Can change site", 
            "content_type": 7
        }
    }, 
    {
        "pk": 21, 
        "model": "auth.permission", 
        "fields": {
            "codename": "delete_site", 
            "name": "Can delete site", 
            "content_type": 7
        }
    }, 
    {
        "pk": 25, 
        "model": "auth.permission", 
        "fields": {
            "codename": "add_migrationhistory", 
            "name": "Can add migration history", 
            "content_type": 9
        }
    }, 
    {
        "pk": 26, 
        "model": "auth.permission", 
        "fields": {
            "codename": "change_migrationhistory", 
            "name": "Can change migration history", 
            "content_type": 9
        }
    }, 
    {
        "pk": 27, 
        "model": "auth.permission", 
        "fields": {
            "codename": "delete_migrationhistory", 
            "name": "Can delete migration history", 
            "content_type": 9
        }
    }, 
    {
        "pk": 1, 
        "model": "auth.group", 
        "fields": {
            "name": "Managers", 
            "permissions": [
                28, 
                29, 
                30, 
                34, 
                35, 
                36, 
                43, 
                44, 
                45, 
                40, 
                41, 
                42
            ]
        }
    }, 
    {
        "pk": 1, 
        "model": "auth.user", 
        "fields": {
            "username": "rohan", 
            "first_name": "", 
            "last_name": "", 
            "is_active": true, 
            "is_superuser": true, 
            "is_staff": true, 
            "last_login": "2011-05-25 15:13:44", 
            "groups": [], 
            "user_permissions": [], 
            "password": "sha1$92605$13cedf835c4379b8fd5323c3b2c4212fd8faede0", 
            "email": "crodjer@gmail.com", 
            "date_joined": "2011-05-25 15:12:57"
        }
    }, 
    {
        "pk": 2, 
        "model": "auth.user", 
        "fields": {
            "username": "test", 
            "first_name": "Test", 
            "last_name": "User", 
            "is_active": true, 
            "is_superuser": false, 
            "is_staff": true, 
            "last_login": "2011-05-25 22:33:22", 
            "groups": [
                1
            ], 
            "user_permissions": [], 
            "password": "sha1$c0e87$de5e50ed9c0b411c8e56f08ebaf6868255442738", 
            "email": "test@example.com", 
            "date_joined": "2011-05-25 22:33:22"
        }
    }, 
    {
        "pk": 3, 
        "model": "auth.user", 
        "fields": {
            "username": "A", 
            "first_name": "", 
            "last_name": "", 
            "is_active": true, 
            "is_superuser": false, 
            "is_staff": false, 
            "last_login": "2011-05-25 23:48:11", 
            "groups": [], 
            "user_permissions": [], 
            "password": "sha1$8683c$f18ade37985bf29e4df93caabbcf1b279ec30a28", 
            "email": "", 
            "date_joined": "2011-05-25 23:48:11"
        }
    }, 
    {
        "pk": 4, 
        "model": "auth.user", 
        "fields": {
            "username": "B", 
            "first_name": "", 
            "last_name": "", 
            "is_active": true, 
            "is_superuser": false, 
            "is_staff": false, 
            "last_login": "2011-05-25 23:48:11", 
            "groups": [], 
            "user_permissions": [], 
            "password": "sha1$6ddf3$9a39765a84b4498774e07e23ce21535be9c0c640", 
            "email": "", 
            "date_joined": "2011-05-25 23:48:11"
        }
    }, 
    {
        "pk": 5, 
        "model": "auth.user", 
        "fields": {
            "username": "D", 
            "first_name": "", 
            "last_name": "", 
            "is_active": true, 
            "is_superuser": false, 
            "is_staff": false, 
            "last_login": "2011-05-25 23:48:11", 
            "groups": [], 
            "user_permissions": [], 
            "password": "sha1$cc91c$20bd1d9321b1427ed782cafca1e50155cff6ba1a", 
            "email": "", 
            "date_joined": "2011-05-25 23:48:11"
        }
    }, 
    {
        "pk": 6, 
        "model": "auth.user", 
        "fields": {
            "username": "H", 
            "first_name": "", 
            "last_name": "", 
            "is_active": true, 
            "is_superuser": false, 
            "is_staff": false, 
            "last_login": "2011-05-25 23:48:11", 
            "groups": [], 
            "user_permissions": [], 
            "password": "sha1$08ae4$2043417b7eea289fe90a3ef5c0233168ef059f31", 
            "email": "", 
            "date_joined": "2011-05-25 23:48:11"
        }
    }, 
    {
        "pk": 7, 
        "model": "auth.user", 
        "fields": {
            "username": "E", 
            "first_name": "", 
            "last_name": "", 
            "is_active": true, 
            "is_superuser": false, 
            "is_staff": false, 
            "last_login": "2011-05-25 23:48:12", 
            "groups": [], 
            "user_permissions": [], 
            "password": "sha1$9a83a$a1f0d917e67b73721938e5b56a77345ffede7564", 
            "email": "", 
            "date_joined": "2011-05-25 23:48:12"
        }
    }, 
    {
        "pk": 8, 
        "model": "auth.user", 
        "fields": {
            "username": "F", 
            "first_name": "", 
            "last_name": "", 
            "is_active": true, 
            "is_superuser": false, 
            "is_staff": false, 
            "last_login": "2011-05-25 23:48:12", 
            "groups": [], 
            "user_permissions": [], 
            "password": "sha1$7f4e6$157952ad0afd6b073f7d4890dfd8f1cbf7ab4294", 
            "email": "", 
            "date_joined": "2011-05-25 23:48:12"
        }
    }, 
    {
        "pk": 9, 
        "model": "auth.user", 
        "fields": {
            "username": "I", 
            "first_name": "", 
            "last_name": "", 
            "is_active": true, 
            "is_superuser": false, 
            "is_staff": false, 
            "last_login": "2011-05-25 23:48:12", 
            "groups": [], 
            "user_permissions": [], 
            "password": "sha1$d6212$0b01ff490fe29e95849f7df987e5670f8dc53269", 
            "email": "", 
            "date_joined": "2011-05-25 23:48:12"
        }
    }, 
    {
        "pk": 10, 
        "model": "auth.user", 
        "fields": {
            "username": "C", 
            "first_name": "", 
            "last_name": "", 
            "is_active": true, 
            "is_superuser": false, 
            "is_staff": false, 
            "last_login": "2011-05-25 23:48:12", 
            "groups": [], 
            "user_permissions": [], 
            "password": "sha1$3d963$153c6ed10e5e8276a4c8bccf8e8bc3ecac6bb02b", 
            "email": "", 
            "date_joined": "2011-05-25 23:48:12"
        }
    }, 
    {
        "pk": 11, 
        "model": "auth.user", 
        "fields": {
            "username": "G", 
            "first_name": "", 
            "last_name": "", 
            "is_active": true, 
            "is_superuser": false, 
            "is_staff": false, 
            "last_login": "2011-05-25 23:48:13", 
            "groups": [], 
            "user_permissions": [], 
            "password": "sha1$68835$39f4942f2ec7e8f5f18dba3eae02dfb089f06a8d", 
            "email": "", 
            "date_joined": "2011-05-25 23:48:13"
        }
    }, 
    {
        "pk": 12, 
        "model": "auth.user", 
        "fields": {
            "username": "J", 
            "first_name": "", 
            "last_name": "", 
            "is_active": true, 
            "is_superuser": false, 
            "is_staff": false, 
            "last_login": "2011-05-25 23:48:13", 
            "groups": [], 
            "user_permissions": [], 
            "password": "sha1$6c5c6$cbc62293c2e9664915a2923089aa0246778312e8", 
            "email": "", 
            "date_joined": "2011-05-25 23:48:13"
        }
    }, 
    {
        "pk": 13, 
        "model": "auth.user", 
        "fields": {
            "username": "K", 
            "first_name": "", 
            "last_name": "", 
            "is_active": true, 
            "is_superuser": false, 
            "is_staff": false, 
            "last_login": "2011-05-25 23:48:13", 
            "groups": [], 
            "user_permissions": [], 
            "password": "sha1$b8dba$e68aaecf63f0033f5091039d3a756f5b0d7321d8", 
            "email": "", 
            "date_joined": "2011-05-25 23:48:13"
        }
    }, 
    {
        "pk": 14, 
        "model": "auth.user", 
        "fields": {
            "username": "admin", 
            "first_name": "", 
            "last_name": "", 
            "is_active": true, 
            "is_superuser": true, 
            "is_staff": true, 
            "last_login": "2011-06-04 14:38:49", 
            "groups": [], 
            "user_permissions": [], 
            "password": "sha1$b5c1a$b81361180ccd8e61f1e46f87c54976f8a2a0cb8a", 
            "email": "admin@admin.com", 
            "date_joined": "2011-06-04 14:38:15"
        }
    }
]